"61","2885","4","113.08"
"56","658","6","145.84"
"14","1236","10","8.87"
"39","483","3","60.32"
"99","708","6","6.74"
"53","1635","1","197.51"
"39","1322","5","52.96"
"12","804","4","109.98"
"32","1718","4","154.53"
"42","901","10","46.1"
"31","750","5","97.25"
"81","1401","7","144.97"
"55","1554","10","138.94"
"30","1347","1","67.11"
"87","877","10","119.73"
"36","2377","5","193.62"
"64","2171","4","88.31"
"26","2234","8","52.07"
"54","2108","2","185.73"
"15","1783","4","195.39"
"46","2249","8","122.94"
"85","220","4","1.65"
"15","2068","5","58.82"
"46","769","1","38.63"
"63","1354","3","200.39"
"68","2498","9","104.97"
"9","453","2","188.85"
"3","981","7","50.02"
"25","1643","5","66.44"
"97","1281","10","4.32"
"23","1499","10","3.06"
"11","864","7","137.39"
"56","950","9","144.66"
"81","1905","9","132.96"
"95","257","4","93.91"
"71","1406","10","87.28"
"60","656","10","106.05"
"90","1716","7","163.19"
"65","56","9","96.15"
"23","972","10","81.25"
"21","1143","5","155.67"
"66","2342","5","75.66"
"55","2922","1","67.09"
"50","596","6","85.59"
"73","627","5","73.76"
"40","525","4","187.1"
"13","618","4","65.04"
"36","1492","8","20.64"
"18","719","4","103.76"
"33","861","7","44.26"
"26","190","3","177.95"
"65","1217","7","8.53"
"18","118","4","131.99"
"79","2679","10","103.25"
"0","675","9","174.18"
"62","1422","10","67.93"
"18","139","10","16.68"
"16","812","3","41.19"
"58","2354","4","192.55"
"28","476","3","163.37"
"26","49","2","165.64"
"27","1088","4","83.34"
"79","2258","7","7.69"
"86","493","9","183.82"
"70","776","2","74.7"
"23","1714","8","98.56"
"72","2262","6","14.26"
"14","659","1","70.72"
"64","1211","8","158.71"
"68","2970","2","2.28"
"83","2895","8","170.95"
"60","2607","6","18.74"
"11","2747","5","144.74"
"54","864","3","137.39"
"55","2972","5","179.58"
"86","2986","2","15.4"
"25","1091","4","167.98"
"54","1686","7","149.26"
"79","1507","4","191.9"
"60","951","4","109.81"
"85","1545","7","146.39"
"96","535","6","4.81"
"54","186","2","104.97"
"10","1565","10","50.96"
"47","1277","7","112.48"
"30","1055","5","198.62"
"44","2703","6","125.2"
"35","1735","5","159.32"
"16","119","2","169.51"
"15","1362","9","17.87"
"20","1463","5","150.32"
"44","2919","6","99.06"
"23","1188","10","21.18"
"84","2612","5","94.87"
"57","415","8","167.09"
"11","1473","10","93.8"
"87","405","10","199.08"
"91","2357","2","84.09"
"46","175","4","25.61"
"1","2018","2","180.47"
"86","2126","8","73.31"
"27","1919","9","62.64"
"65","858","10","62.73"
"52","882","5","60.19"
"47","2763","5","59.8"
"86","203","6","185.78"
"54","33","7","109.14"
"90","1385","1","100.03"
"38","2063","4","155.47"
"40","2299","2","22.69"
"49","1705","3","79.0"
"71","1566","10","178.98"
"52","1225","2","153.24"
"61","374","6","186.31"
"45","2885","8","113.08"
"10","2651","3","2.72"
"45","619","6","25.52"
"18","559","1","147.64"
"68","2987","6","25.41"
"13","2066","7","187.14"
"9","2588","9","138.6"
"10","2998","10","6.28"
"68","1041","5","101.74"
"28","920","7","184.41"
"57","1587","6","157.85"
"53","1399","5","4.33"
"66","2962","6","163.18"
"33","970","1","124.23"
"23","1387","10","173.1"
"72","368","4","121.37"
"7","1583","6","183.76"
"26","1185","5","175.04"
"62","2912","6","189.71"
"53","834","5","46.33"
"0","494","1","59.89"
"42","1282","9","158.73"
"89","1315","6","195.62"
"16","660","3","188.87"
"41","2094","6","127.86"
"38","2280","2","145.79"
"51","52","7","21.75"
"47","1334","6","0.01"
"26","1096","9","162.06"
"21","1544","10","26.75"
"23","264","6","179.95"
"9","2944","7","54.98"
"98","1909","2","113.64"
"27","496","8","120.27"
"44","1036","7","54.02"
"55","1","1","16.68"
"99","2519","7","189.61"
"54","167","5","147.84"
"80","1503","2","4.28"
"68","672","3","136.65"
"20","45","3","127.75"
"35","1507","7","191.9"
"50","1363","3","20.1"
"95","192","10","89.09"
"24","1005","3","68.92"
"92","1408","7","51.21"
"21","2174","5","168.72"
"79","2655","1","77.11"
"48","2672","8","62.86"
"0","1258","4","185.02"
"76","978","8","24.61"
"85","2935","8","73.67"
"26","2210","3","8.99"
"52","1127","8","195.31"
"59","469","1","100.61"
"99","1367","9","33.1"
"51","2201","8","177.2"
"3","1268","7","92.91"
"50","1839","9","95.95"
"52","2447","7","136.47"
"3","972","1","81.25"
"9","1717","6","3.78"
"45","1530","1","61.97"
"10","1409","1","142.78"
"94","2577","6","31.84"
"10","2203","10","153.73"
"29","2684","8","42.32"
"65","1701","1","57.74"
"21","2095","9","10.93"
"13","2993","4","45.92"
"60","25","4","169.4"
"36","1723","9","187.23"
"47","1798","3","1.53"
"61","1033","8","159.98"
"93","2294","2","88.48"
"80","778","4","149.02"
"45","2737","2","69.09"
"31","1868","2","50.58"
"91","1506","7","86.12"
"83","2118","7","195.44"
"22","1329","5","156.42"
"74","266","2","114.16"
"40","1593","5","9.64"
"20","2656","2","66.31"
"62","2390","10","193.6"
"44","2928","7","145.91"
"12","1013","9","58.18"
"26","1567","4","172.73"
"93","766","6","19.81"
"67","1560","9","104.41"
"60","114","9","82.22"
"27","1325","8","80.85"
"23","1585","7","90.09"
"85","2330","7","109.89"
"48","632","10","72.58"
"33","414","1","111.27"
"77","1936","10","153.6"
"64","576","6","29.95"
"75","1980","3","24.24"
"72","1500","1","67.48"
"24","607","7","126.97"
"20","2526","3","174.37"
"41","2206","9","107.39"
"96","22","4","75.2"
"47","453","8","188.85"
"33","1091","7","167.98"
"60","2735","10","82.93"
"48","1579","3","194.14"
"56","440","5","116.81"
"17","2612","8","94.87"
"86","255","2","85.01"
"37","1007","2","181.01"
"32","2826","9","11.35"
"34","2847","8","125.66"
"28","219","6","106.14"
"99","1922","3","187.49"
"74","2738","5","23.18"
"23","668","7","63.52"
"97","1214","10","155.47"
"60","2065","4","0.55"
"61","1182","7","58.36"
"79","2272","3","172.71"
"67","2307","2","152.47"
"0","1080","7","37.4"
"23","2121","4","179.72"
"56","804","9","109.98"
"47","602","5","154.08"
"30","2305","10","47.87"
"27","1402","9","61.12"
"42","2474","1","168.44"
"32","375","9","155.82"
"39","667","7","29.06"
"79","2824","5","85.73"
"68","1436","7","12.64"
"47","1367","7","33.1"
"65","1012","4","108.85"
"58","2556","5","110.3"
"26","1902","10","126.09"
"55","1716","5","163.19"
"29","1300","1","14.97"
"77","1485","5","112.99"
"99","1229","6","121.52"
"0","756","8","34.49"
"72","2304","4","79.63"
"12","845","7","152.54"
"41","328","5","13.98"
"89","795","8","33.82"
"50","363","8","177.35"
"88","2303","6","154.03"
"55","2861","5","124.17"
"63","1171","8","138.54"
"51","289","2","101.37"
"6","1278","5","0.18"
"15","473","7","143.65"
"36","2125","7","117.5"
"23","1741","3","97.24"
"13","2658","3","74.84"
"92","132","2","34.35"
"87","2703","10","125.2"
"41","1665","5","35.92"
"28","2229","10","139.98"
"52","1407","6","85.51"
"86","2083","9","30.16"
"10","798","2","143.45"
"97","2695","8","7.23"
"17","386","3","78.63"
"2","2703","5","125.2"
"32","20","3","157.1"
"68","1083","1","48.4"
"23","734","1","4.98"
"73","1453","4","142.77"
"32","806","2","131.22"
"5","1766","2","186.61"
"19","1745","1","82.22"
"72","1393","10","172.49"
"94","522","3","109.58"
"48","54","2","170.12"
"26","2563","9","13.01"
"80","1948","9","187.44"
"83","2610","6","37.2"
"56","2460","6","142.67"
"61","818","3","131.75"
"33","877","2","119.73"
"7","600","5","74.96"
"17","2285","10","12.42"
"12","1240","2","37.52"
"80","1510","6","25.42"
"30","1872","2","155.64"
"72","1429","6","143.27"
"77","1392","1","51.11"
"42","2146","4","120.27"
"14","2662","1","120.46"
"39","979","5","152.75"
"67","74","8","164.63"
"2","473","9","143.65"
"69","2449","2","12.9"
"27","67","3","112.65"
"97","2845","5","10.43"
"76","2268","2","145.72"
"41","171","9","60.09"
"46","2573","10","9.5"
"10","1311","8","56.6"
"42","2223","8","35.06"
"78","2845","10","10.43"
"4","315","10","161.66"
"61","2560","8","121.06"
"26","2299","10","22.69"
"69","111","4","64.51"
"69","716","9","116.93"
"37","2883","3","164.29"
"53","1224","9","35.24"
"87","1200","4","113.82"
"81","2932","8","132.34"
"39","1311","1","56.6"
"19","2385","8","29.26"
"48","2011","3","62.33"
"10","1845","4","15.21"
"74","1249","1","140.74"
"16","1553","7","113.45"
"43","351","1","48.46"
"17","289","2","101.37"
"33","263","5","197.94"
"43","2975","6","21.72"
"96","575","6","183.3"
"32","1033","10","159.98"
"12","490","1","119.04"
"47","416","4","133.14"
"28","2565","9","189.16"
"50","2099","3","174.93"
"78","2795","10","158.17"
"33","25","4","169.4"
"31","1401","1","144.97"
"41","1124","5","110.4"
"81","2197","7","144.8"
"66","695","1","157.65"
"5","999","1","103.85"
"34","2134","8","24.9"
"25","2023","10","63.66"
"84","102","9","100.91"
"44","2533","9","30.76"
"63","1667","5","59.73"
"94","320","8","126.7"
"54","2396","6","48.92"
"44","2991","8","172.73"
"71","2501","10","174.88"
"18","1951","8","117.1"
"23","1972","2","36.31"
"36","2716","10","26.26"
"58","2541","9","197.77"
"42","1490","6","91.0"
"73","2524","10","52.11"
"71","1896","5","16.59"
"81","1643","2","66.44"
"57","1940","8","48.84"
"23","717","3","143.9"
"72","1803","6","42.81"
"52","1478","8","6.56"
"26","87","10","132.32"
"10","708","3","6.74"
"83","1851","6","95.52"
"3","2900","6","15.23"
"24","1182","9","58.36"
"62","1089","6","41.86"
"75","2503","4","130.14"
"88","28","6","135.82"
"1","258","1","90.54"
"83","236","5","24.6"
"3","397","7","79.12"
"64","2100","4","114.66"
"39","3","8","143.43"
"4","1398","8","40.15"
"59","1819","7","95.91"
"23","1970","5","192.81"
"4","1052","10","118.45"
"45","2249","2","122.94"
"99","813","6","32.19"
"2","1334","4","0.01"
"83","2297","2","128.18"
"26","459","8","158.39"
"42","317","4","129.03"
"87","2554","4","122.99"
"16","317","4","129.03"
"57","1336","1","98.89"
"59","2114","9","43.24"
"56","2090","7","42.88"
"64","537","7","109.21"
"92","1309","10","149.19"
"7","681","1","148.63"
"42","1679","9","118.41"
"13","2211","3","3.71"
"26","502","5","127.31"
"87","2651","10","2.72"
"73","1882","10","7.72"
"73","39","6","23.29"
"63","125","8","175.81"
"10","1031","3","1.54"
"12","2109","5","163.88"
"30","206","8","184.78"
"46","1045","5","68.74"
"52","2257","9","142.68"
"94","560","4","22.19"
"31","1069","5","84.31"
"29","1840","10","181.67"
"61","777","2","123.15"
"34","2739","3","133.21"
"38","2297","9","128.18"
"37","1401","2","144.97"
"67","2442","2","160.58"
"85","2296","1","44.94"
"13","2320","8","77.28"
"9","1460","1","126.05"
"82","1020","2","97.31"
"34","2395","10","7.05"
"35","2736","5","130.7"
"60","81","9","139.17"
"8","431","6","121.76"
"0","54","4","170.12"
"13","1120","5","145.46"
"61","567","5","182.66"
"11","1561","1","66.97"
"34","2726","10","14.97"
"76","654","1","119.06"
"50","371","8","125.98"
"97","1239","3","158.71"
"13","2823","6","115.15"
"49","2716","6","26.26"
"86","594","10","95.11"
"54","582","7","92.83"
"12","2904","7","107.27"
"29","431","9","121.76"
"76","2445","5","160.53"
"83","1208","5","27.93"
"27","23","6","70.01"
"96","2934","3","67.1"
"10","2033","6","65.61"
"51","2099","1","174.93"
"76","272","9","6.62"
"71","1460","7","126.05"
"18","2904","10","107.27"
"1","888","1","156.69"
"1","2792","7","120.08"
"38","2446","7","200.93"
"8","191","4","97.24"
"1","310","7","70.77"
"54","2235","9","5.36"
"6","537","3","109.21"
"23","801","9","73.91"
"19","1743","7","66.59"
"67","433","9","164.6"
"60","2846","10","22.42"
"4","992","4","167.36"
"72","1288","7","194.69"
"21","2698","7","115.31"
"9","27","9","170.78"
"70","596","2","85.59"
"84","1632","2","183.54"
"84","1661","3","45.99"
"71","649","5","34.79"
"4","19","3","27.63"
"72","2349","7","134.03"
"50","720","1","48.45"
"20","679","9","79.72"
"28","816","9","10.76"
"41","501","9","21.04"
"59","1652","2","99.49"
"15","2274","6","61.48"
"99","501","6","21.04"
"42","2085","5","113.87"
"21","2616","2","47.51"
"45","2358","3","23.51"
"8","2760","2","154.03"
"30","1823","10","135.68"
"89","1757","1","164.14"
"78","2826","3","11.35"
"83","1003","6","128.07"
"20","1105","3","125.55"
"75","2968","5","181.84"
"7","1612","7","109.08"
"97","732","9","57.11"
"34","2430","6","124.95"
"97","877","7","119.73"
"10","1207","8","86.53"
"50","1657","4","157.01"
"54","1058","10","144.61"
"28","834","3","46.33"
"40","2070","7","41.93"
"66","1907","7","173.49"
"16","882","5","60.19"
"87","571","6","200.43"
"32","2352","5","29.31"
"54","2755","1","92.91"
"70","1427","5","10.98"
"56","77","8","31.43"
"65","1365","9","67.89"
"12","744","1","140.47"
"85","52","9","21.75"
"16","2352","2","29.31"
"82","2128","8","50.9"
"31","1450","7","169.62"
"78","1566","2","178.98"
"63","337","2","49.15"
"53","200","9","108.76"
"78","1662","3","42.75"
"98","1940","3","48.84"
"45","2420","4","180.02"
"21","1213","6","132.43"
"17","2184","2","74.6"
"14","82","5","105.8"
"73","115","6","193.34"
"24","12","6","50.48"
"95","2493","2","131.64"
"29","1765","4","51.24"
"97","104","9","126.05"
"20","2489","10","196.3"
"35","2115","7","8.13"
"71","1741","1","97.24"
"28","2382","6","60.35"
"86","610","6","176.25"
"13","1623","10","129.92"
"41","2637","6","17.46"
"44","1026","7","146.68"
"25","1469","2","87.93"
"44","252","1","70.1"
"4","2524","9","52.11"
"94","1426","4","59.59"
"97","2365","10","83.14"
"60","2968","1","181.84"
"79","677","8","30.78"
"45","1381","4","165.09"
"23","2376","6","140.97"
"54","350","5","156.41"
"59","1996","5","18.98"
"96","1490","10","91.0"
"39","471","1","190.83"
"65","1655","5","82.38"
"58","1917","3","44.66"
"5","2683","1","45.75"
"49","491","9","112.91"
"95","2544","10","177.59"
"89","493","1","183.82"
"2","347","6","6.14"
"66","2587","2","139.95"
"87","2188","4","198.08"
"54","1728","10","87.9"
"91","1228","9","194.13"
"60","1213","8","132.43"
"77","2234","9","52.07"
"35","1132","4","136.41"
"43","1303","2","194.81"
"75","2865","2","155.41"
"93","2476","2","163.97"
"38","2582","2","141.35"
"23","1104","8","26.23"
"43","197","3","104.06"
"4","928","8","95.2"
"22","802","2","86.1"
"3","271","8","54.54"
"37","694","2","36.47"
"47","2508","8","79.79"
"58","2421","10","141.1"
"1","624","8","169.02"
"3","2424","9","56.05"
"51","844","6","84.69"
"82","1320","10","172.73"
"98","693","8","146.61"
"51","1606","10","105.48"
"17","538","7","49.1"
"10","1036","1","54.02"
"17","1728","7","87.9"
"87","2136","3","15.52"
"56","1886","9","50.83"
"67","2093","7","181.58"
"34","1105","9","125.55"
"62","2895","3","170.95"
"81","1491","1","155.56"
"99","666","7","31.16"
"85","1814","3","200.42"
"54","756","7","34.49"
"70","277","5","10.8"
"72","1309","9","149.19"
"3","1461","8","125.54"
"9","1828","4","83.11"
"16","2653","7","140.92"
"20","1872","10","155.64"
"30","2053","4","195.33"
"20","937","7","61.24"
"40","1126","2","132.39"
"83","624","8","169.02"
"7","1100","6","112.73"
"15","680","10","25.58"
"80","1487","4","81.9"
"86","1025","4","16.73"
"32","388","4","103.6"
"5","835","6","86.21"
"21","2338","6","178.92"
"27","2838","7","119.41"
"88","1662","9","42.75"
"57","1180","6","43.67"
"36","2303","9","154.03"
"64","1050","5","183.46"
"73","2899","1","85.77"
"4","2192","8","97.36"
"0","1076","7","141.54"
"1","2912","7","189.71"
"39","2759","3","94.99"
"50","2619","9","92.93"
"30","1724","1","116.38"
"70","139","8","16.68"
"21","2921","4","70.1"
"33","774","2","148.03"
"43","2931","10","10.6"
"64","554","7","194.43"
"14","1524","4","111.92"
"73","2485","7","156.04"
"78","2722","1","131.02"
"35","585","3","153.62"
"73","2725","5","155.43"
"26","2454","5","11.01"
"38","1610","2","200.35"
"70","2084","2","121.31"
"58","670","5","50.09"
"60","353","7","57.75"
"96","630","6","17.14"
"41","2815","3","36.42"
"39","2475","1","176.72"
"6","892","3","44.9"
"45","1104","2","26.23"
"69","343","10","185.87"
"63","450","4","83.98"
"36","1982","5","163.69"
"30","2496","6","185.11"
"87","2777","3","68.49"
"60","2347","6","144.54"
"47","2910","3","66.14"
"86","1620","3","125.37"
"55","295","6","85.12"
"9","2724","5","95.77"
"95","1847","10","48.31"
"53","1135","7","24.57"
"91","1031","6","1.54"
"11","728","1","141.59"
"91","2884","6","144.17"
"89","304","5","83.61"
"54","563","5","149.38"
"79","2116","2","33.8"
"20","238","8","17.52"
"45","2583","4","31.42"
"51","1483","7","5.72"
"50","1570","5","38.89"
"59","1286","1","116.64"
"49","173","9","189.69"
"8","1612","10","109.08"
"52","2134","1","24.9"
"34","145","1","144.73"
"45","88","10","199.15"
"27","1349","4","89.93"
"17","693","1","146.61"
"38","2515","6","51.59"
"26","1291","6","168.21"
"38","2914","1","193.94"
"22","704","8","196.33"
"4","1492","3","20.64"
"24","2484","8","198.19"
"71","2377","10","193.62"
"48","293","6","189.71"
"80","1829","1","137.05"
"95","221","8","43.12"
"84","10","10","137.97"
"30","2140","7","59.45"
"65","1167","2","3.47"
"2","1979","9","130.52"
"84","2223","3","35.06"
"80","1551","10","106.19"
"79","1576","8","70.05"
"11","1698","6","30.55"
"10","1681","10","87.6"
"33","2791","7","88.85"
"44","1720","10","68.46"
"46","2309","5","138.55"
"97","2160","10","126.8"
"0","2520","5","199.2"
"99","2342","10","75.66"
"81","2380","6","97.04"
"70","77","8","31.43"
"59","1270","10","145.64"
"83","971","9","0.88"
"14","1275","1","53.91"
"0","684","4","30.68"
"83","2369","3","141.77"
"58","2352","1","29.31"
"8","1729","9","125.45"
"77","924","7","56.52"
"57","400","1","3.28"
"35","936","8","125.89"
"12","2927","9","103.23"
"13","100","9","20.1"
"33","1666","5","53.69"
"5","2288","1","147.96"
"65","1195","8","153.11"
"43","905","4","90.55"
"14","1142","3","88.98"
"80","248","1","70.09"
"10","1108","2","123.22"
"50","1116","7","151.65"
"6","2131","9","166.27"
"17","2707","2","158.22"
"48","949","10","18.11"
"37","1947","2","182.11"
"54","41","6","75.58"
"63","637","4","181.83"
"54","2984","4","159.49"
"28","2398","10","125.15"
"26","1331","3","89.54"
"63","2783","1","21.07"
"85","1488","3","5.51"
"96","1622","8","24.24"
"30","177","2","5.2"
"53","1821","1","86.89"
"81","2726","5","14.97"
"81","1859","3","73.86"
"51","1261","7","199.09"
"52","2098","6","93.71"
"4","2902","10","15.7"
"9","1518","2","11.49"
"60","1513","5","179.7"
"39","1367","7","33.1"
"85","622","3","16.5"
"58","350","9","156.41"
"31","1553","3","113.45"
"71","563","9","149.38"
"47","1166","3","89.75"
"37","333","4","31.05"
"55","2608","1","59.81"
"25","2851","10","46.33"
"82","381","1","34.73"
"95","2791","3","88.85"
"84","2116","6","33.8"
"8","333","1","31.05"
"54","2629","1","179.92"
"43","636","3","2.55"
"73","1209","9","180.02"
"4","1720","8","68.46"
"39","1038","7","108.79"
"61","866","1","46.21"
"40","813","2","32.19"
"69","1426","1","59.59"
"42","2841","9","159.6"
"44","101","7","21.49"
"48","396","7","0.37"
"83","2236","5","181.15"
"39","2681","1","71.55"
"47","772","1","154.67"
"42","1878","6","190.2"
"24","2151","9","89.68"
"89","1336","7","98.89"
"98","747","9","24.64"
"51","1217","5","8.53"
"73","562","3","117.84"
"2","2682","3","41.81"
"22","1686","6","149.26"
"30","1845","1","15.21"
"68","2359","7","27.89"
"68","2836","3","59.56"
"55","196","8","171.28"
"29","2401","9","4.63"
"41","2028","2","76.24"
"67","2981","10","146.58"
"67","2017","5","114.19"
"37","59","7","60.27"
"64","917","8","161.71"
"30","897","4","122.19"
"9","441","4","74.89"
"74","1643","7","66.44"
"96","2029","9","88.64"
"71","890","4","187.73"
"72","2931","4","10.6"
"41","475","8","24.12"
"81","736","10","79.5"
"53","890","3","187.73"
"69","1330","4","96.99"
"85","2949","10","128.04"
"11","1420","10","132.31"
"35","750","2","97.25"
"13","1462","8","135.38"
"60","1593","4","9.64"
"72","747","8","24.64"
"57","718","9","15.76"
"70","2735","7","82.93"
"12","588","6","0.94"
"42","1567","1","172.73"
"70","15","2","37.33"
"29","1289","9","56.16"
"11","1702","10","4.88"
"21","1930","6","32.88"
"94","2464","9","181.0"
"22","454","10","88.04"
"29","1831","7","14.44"
"23","373","8","2.12"
"43","26","1","107.17"
"98","613","10","136.11"
"92","262","9","37.58"
"58","2614","1","28.98"
"45","1364","2","126.89"
"2","543","2","180.95"
"6","135","9","21.02"
"89","1483","9","5.72"
"41","2428","3","104.33"
"93","2827","4","194.04"
"40","1582","6","101.46"
"31","2373","5","183.66"
"97","339","4","126.53"
"30","1535","1","149.36"
"13","924","7","56.52"
"14","1950","3","49.7"
"98","1883","10","177.52"
"52","2082","9","144.7"
"81","687","7","180.26"
"2","111","8","64.51"
"56","2257","9","142.68"
"62","708","3","6.74"
"53","2001","2","47.02"
"43","2756","5","125.71"
"3","238","3","17.52"
"26","1019","3","41.04"
"95","1181","9","99.19"
"78","1358","8","197.77"
"4","1653","7","82.34"
"63","960","6","199.89"
"45","836","8","149.82"
"84","2709","10","164.17"
"50","1335","9","96.74"
"63","2978","9","49.74"
"78","39","5","23.29"
"33","2789","8","158.59"
"74","2209","8","6.36"
"37","609","10","177.74"
"32","580","3","48.34"
"79","824","1","116.15"
"76","1051","7","46.42"
"15","146","3","60.99"
"33","96","1","173.56"
"11","2458","9","140.57"
"6","1639","10","169.66"
"11","599","3","122.41"
"44","2411","2","159.42"
"48","2598","6","151.24"
"3","1609","5","53.0"
"61","206","3","184.78"
"47","282","4","7.47"
"46","2109","8","163.88"
"33","2098","7","93.71"
"56","1605","2","97.59"
"2","495","9","1.82"
"48","2333","6","150.78"
"28","863","3","29.85"
"35","1279","2","142.78"
"80","1065","9","194.08"
"40","163","3","101.58"
"19","1781","1","116.88"
"54","1193","10","124.34"
"89","435","7","27.21"
"46","1842","10","97.04"
"7","2152","1","104.12"
"42","762","8","154.68"
"75","507","6","170.69"
"11","2226","4","21.81"
"54","641","1","89.64"
"45","33","9","109.14"
"92","165","1","76.07"
"44","1492","5","20.64"
"15","2646","9","107.81"
"14","2171","4","88.31"
"27","2282","5","84.4"
"44","40","7","49.46"
"53","1990","3","157.86"
"42","164","6","25.49"
"31","2900","3","15.23"
"51","1059","9","107.02"
"24","2373","9","183.66"
"42","2632","1","48.94"
"9","1411","5","116.03"
"77","1327","7","84.2"
"43","2729","4","79.2"
"26","11","9","75.27"
"92","1798","10","1.53"
"92","2926","3","118.14"
"79","2735","8","82.93"
"90","106","4","75.73"
"77","572","10","144.02"
"88","530","7","175.45"
"70","920","1","184.41"
"80","1945","4","164.58"
"50","1086","3","130.62"
"93","2651","1","2.72"
"11","440","3","116.81"
"54","2470","10","152.65"
"54","933","1","182.27"
"43","2837","5","11.8"
"46","1101","3","108.51"
"81","2797","1","8.49"
"54","2661","3","164.69"
"4","2255","7","167.15"
"12","1218","8","10.64"
"56","482","5","139.69"
"34","888","9","156.69"
"24","1824","3","35.46"
"28","1974","10","142.97"
"68","2523","8","3.14"
"86","2828","8","17.0"
"40","534","3","152.31"
"41","2449","10","12.9"
"19","352","1","80.16"
"30","1743","3","66.59"
"83","2749","1","93.75"
"8","366","8","165.4"
"56","2392","4","62.71"
"15","214","4","72.31"
"60","593","3","104.01"
"48","782","2","146.85"
"54","1689","9","91.44"
"24","2205","9","43.49"
"64","2920","9","145.95"
"95","159","10","191.94"
"2","2514","7","178.72"
"47","2600","10","160.04"
"58","2051","8","63.43"
"62","1165","1","103.14"
"66","2107","7","15.95"
"66","1378","9","162.59"
"99","621","8","83.99"
"50","2572","5","70.44"
"70","852","3","29.86"
"25","549","10","88.41"
"20","1395","1","84.48"
"40","426","9","23.37"
"32","2294","6","88.48"
"39","288","6","150.02"
"53","579","1","179.6"
"90","2790","10","95.75"
"95","1658","3","181.99"
"87","318","9","1.09"
"12","1921","10","142.3"
"99","2895","7","170.95"
"20","595","3","178.36"
"98","2264","4","120.74"
"26","631","5","112.91"
"55","41","6","75.58"
"20","694","5","36.47"
"0","966","4","136.6"
"27","416","4","133.14"
"71","2614","4","28.98"
"56","1005","8","68.92"
"48","2734","2","49.43"
"11","1723","2","187.23"
"27","2057","9","195.8"
"48","1722","6","113.65"
"9","1259","7","56.16"
"37","1354","8","200.39"
"16","1342","1","2.6"
"42","2200","4","193.36"
"93","1972","4","36.31"
"55","1905","7","132.96"
"42","1815","8","118.21"
"66","1946","2","178.52"
"95","2532","3","136.28"
"93","2353","1","53.46"
"63","2028","6","76.24"
"93","1383","7","22.46"
"93","1031","8","1.54"
"18","1594","2","99.11"
"72","1048","8","102.38"
"14","2012","2","89.32"
"53","1124","5","110.4"
"16","494","10","59.89"
"20","1725","6","82.26"
"31","1520","1","17.41"
"11","1751","2","141.35"
"17","995","9","56.3"
"68","1337","2","167.65"
"34","2700","10","159.37"
"13","2846","3","22.42"
"25","1150","2","122.04"
"88","2819","1","50.34"
"60","1683","10","4.53"
"31","2768","3","147.47"
"33","1822","7","139.68"
"80","114","8","82.22"
"71","2142","2","90.57"
"31","1233","4","95.39"
"58","1219","8","55.7"
"54","2214","8","5.1"
"35","443","4","38.29"
"2","1570","7","38.89"
"75","195","9","21.18"
"25","865","1","91.18"
"88","600","3","74.96"
"74","1023","3","7.95"
"61","2099","7","174.93"
"77","1861","7","131.11"
"98","1695","6","104.6"
"6","1845","1","15.21"
"8","2879","9","134.06"
"22","403","7","68.19"
"86","1156","9","118.47"
"99","804","1","109.98"
"36","2594","10","120.37"
"53","230","4","69.7"
"25","61","1","38.18"
"79","2336","1","193.21"
"43","745","10","7.14"
"47","2426","8","165.8"
"36","788","10","94.56"
"19","1250","8","48.3"
"35","2806","7","113.33"
"51","2895","3","170.95"
"78","758","4","150.07"
"60","957","9","165.22"
"73","1416","7","199.02"
"39","294","2","108.42"
"42","2464","8","181.0"
"42","1181","7","99.19"
"63","436","1","178.52"
"78","2779","6","46.35"
"54","164","4","25.49"
"27","172","3","169.2"
"84","2875","10","171.47"
"67","1309","9","149.19"
"12","2542","9","3.92"
"40","712","1","94.53"
"11","1637","1","66.05"
"7","2206","3","107.39"
"24","578","5","66.72"
"82","753","5","68.83"
"88","487","5","7.82"
"97","1564","7","87.49"
"37","192","6","89.09"
"89","1252","4","9.06"
"13","486","9","174.62"
"9","821","8","182.72"
"34","264","9","179.95"
"30","1203","6","101.8"
"11","104","5","126.05"
"35","2197","2","144.8"
"11","1939","1","178.72"
"6","911","9","5.86"
"2","2967","3","10.82"
"37","127","9","96.21"
"2","1942","3","142.06"
"76","2468","2","84.93"
"34","962","2","145.5"
"15","446","4","95.72"
"9","2900","4","15.23"
"15","2333","2","150.78"
"31","1517","8","171.86"
"29","2430","2","124.95"
"82","2908","4","129.36"
"2","2256","1","36.71"
"54","2754","3","4.82"
"63","22","6","75.2"
"14","537","10","109.21"
"97","2131","7","166.27"
"33","2303","2","154.03"
"12","625","6","123.78"
"98","1246","2","116.94"
"80","1993","9","158.85"
"82","2603","9","159.25"
"22","660","8","188.87"
"23","389","7","63.04"
"59","1567","1","172.73"
"76","2766","3","186.77"
"72","1568","10","88.64"
"83","2999","2","199.7"
"98","2983","6","169.97"
"97","879","6","101.45"
"36","2239","8","147.64"
"37","334","2","95.43"
"90","101","10","21.49"
"66","464","9","192.63"
"35","1600","6","176.57"
"78","1704","6","98.44"
"21","2476","9","163.97"
"75","1402","4","61.12"
"18","1619","9","61.67"
"0","1969","10","35.77"
"89","355","1","139.62"
"50","509","4","171.42"
"6","1939","9","178.72"
"19","1777","6","37.8"
"13","2128","4","50.9"
"86","1495","3","124.03"
"50","1597","10","168.46"
"29","1955","3","192.59"
"49","2258","4","7.69"
"88","1998","3","71.94"
"4","29","8","152.53"
"29","938","5","46.0"
"87","2078","10","191.92"
"80","1752","6","6.01"
"99","426","5","23.37"
"0","207","5","188.73"
"84","1552","2","181.15"
"73","415","10","167.09"
"21","1676","1","29.68"
"25","2245","1","195.53"
"2","1618","9","192.69"
"33","194","1","177.29"
"90","226","10","34.98"
"18","2694","9","159.29"
"41","47","8","49.92"
"74","1348","6","108.79"
"20","791","6","85.46"
"84","2560","1","121.06"
"3","433","2","164.6"
"99","2095","6","10.93"
"41","2688","6","87.59"
"95","33","9","109.14"
"76","1580","6","189.53"
"69","941","2","24.6"
"30","1576","10","70.05"
"45","2757","3","86.65"
"40","2193","6","50.65"
"43","1676","4","29.68"
"14","2632","6","48.94"
"93","1775","7","162.06"
"56","1319","3","126.64"
"12","1216","7","77.92"
"70","1637","10","66.05"
"88","2401","9","4.63"
"82","2146","1","120.27"
"41","684","8","30.68"
"21","2971","9","140.08"
"72","2205","6","43.49"
"13","911","8","5.86"
"77","1502","2","188.26"
"27","5","1","35.96"
"1","1666","7","53.69"
"96","1258","7","185.02"
"20","574","9","116.88"
"40","2243","2","74.47"
"85","733","1","70.81"
"39","2724","1","95.77"
"21","1652","4","99.49"
"8","678","10","148.3"
"61","836","2","149.82"
"41","2211","10","3.71"
"22","2275","1","179.93"
"20","962","3","145.5"
"31","2124","2","100.17"
"41","753","10","68.83"
"43","1208","3","27.93"
"88","910","5","134.4"
"47","1273","1","79.66"
"87","716","3","116.93"
"62","285","5","56.73"
"21","2875","6","171.47"
"30","439","7","43.1"
"90","449","5","104.34"
"26","1766","7","186.61"
"98","2922","10","67.09"
"79","900","4","134.29"
"39","1166","7","89.75"
"62","627","4","73.76"
"21","2765","6","125.29"
"86","2132","9","136.81"
"19","1799","7","52.29"
"58","99","5","199.92"
"35","1180","7","43.67"
"8","988","1","58.19"
"75","515","5","148.36"
"57","1761","3","162.57"
"24","961","5","75.05"
"53","2701","5","39.67"
"89","2850","6","11.5"
"57","2445","2","160.53"
"6","233","7","86.48"
"26","506","4","186.9"
"21","2807","6","183.04"
"71","1222","9","39.5"
"9","1924","9","63.21"
"2","238","8","17.52"
"44","2103","10","60.21"
"23","2290","10","200.45"
"4","2596","2","154.65"
"19","2751","3","26.81"
"39","455","1","63.64"
"99","524","5","190.61"
"86","1385","5","100.03"
"20","2483","5","107.42"
"14","271","7","54.54"
"24","2486","4","141.76"
"76","1667","8","59.73"
"7","568","6","192.36"
"49","484","1","122.79"
"95","134","4","104.25"
"58","2994","2","65.97"
"85","714","2","142.59"
"17","1239","10","158.71"
"32","1683","7","4.53"
"47","2240","9","62.32"
"34","2368","8","44.45"
"74","939","5","129.07"
"71","189","7","184.56"
"6","1286","6","116.64"
"10","217","2","175.24"
"7","1989","6","46.52"
"77","973","9","139.73"
"58","2589","4","130.12"
"57","1742","10","23.94"
"98","1374","3","96.12"
"88","726","2","60.25"
"20","1918","10","69.99"
"6","2448","10","85.53"
"20","2493","4","131.64"
"28","2526","6","174.37"
"73","2502","3","30.02"
"13","1999","3","56.38"
"41","1898","1","8.11"
"83","1644","7","199.17"
"20","1987","4","38.55"
"85","2035","2","177.33"
"2","420","9","104.06"
"8","2939","8","197.0"
"68","2837","9","11.8"
"82","1723","3","187.23"
"40","118","9","131.99"
"82","1343","5","67.5"
"57","29","6","152.53"
"99","2101","5","177.14"
"13","398","4","98.53"
"37","2706","7","184.93"
"8","2547","1","160.45"
"49","1537","10","13.36"
"39","1198","9","110.44"
"60","774","8","148.03"
"47","1491","4","155.56"
"3","1221","8","105.5"
"5","2439","5","38.46"
"44","2844","7","21.38"
"54","861","8","44.26"
"47","741","9","77.79"
"85","2565","2","189.16"
"35","967","6","164.94"
"95","346","10","181.31"
"91","90","5","47.9"
"11","445","7","49.2"
"3","1816","1","124.7"
"5","1565","10","50.96"
"67","601","2","51.73"
"78","83","2","177.18"
"88","2519","7","189.61"
"88","1385","5","100.03"
"82","2546","6","139.13"
"27","1799","6","52.29"
"74","1582","3","101.46"
"49","509","1","171.42"
"71","247","8","74.74"
"41","955","2","120.65"
"1","2602","7","60.58"
"85","1588","10","183.05"
"19","932","10","11.13"
"78","2390","5","193.6"
"7","488","6","19.8"
"65","1768","1","129.63"
"99","369","9","38.87"
"79","88","7","199.15"
"65","1339","4","61.3"
"14","2421","8","141.1"
"91","2396","9","48.92"
"35","92","3","115.96"
"32","109","10","42.7"
"16","2512","7","68.23"
"72","1553","4","113.45"
"6","2821","7","84.28"
"19","1272","2","100.31"
"22","2522","9","6.87"
"90","972","7","81.25"
"95","2097","3","10.7"
"66","119","8","169.51"
"19","2568","7","169.18"
"75","2676","10","76.7"
"59","2044","4","85.26"
"91","2025","9","166.07"
"24","2472","6","123.62"
"3","645","10","56.94"
"9","711","4","143.81"
"80","1609","2","53.0"
"41","2026","3","2.62"
"7","2730","10","75.56"
"10","601","1","51.73"
"31","100","1","20.1"
"43","2801","2","95.79"
"16","1739","9","45.27"
"84","1897","3","53.5"
"42","1015","9","4.92"
"93","524","10","190.61"
"0","2675","2","70.06"
"99","1636","2","66.15"
"35","1639","9","169.66"
"27","2311","6","182.73"
"94","1032","3","130.64"
"11","2951","3","23.95"
"55","1727","6","123.05"
"33","203","1","185.78"
"16","2270","2","196.67"
"69","2140","10","59.45"
"25","1506","7","86.12"
"90","1509","8","186.57"
"56","600","4","74.96"
"68","823","4","37.5"
"89","163","1","101.58"
"22","1730","1","156.84"
"29","37","4","104.24"
"31","2529","3","66.74"
"29","2734","4","49.43"
"14","1930","7","32.88"
"43","1394","5","120.74"
"27","1384","5","179.08"
"39","2818","9","198.06"
"5","22","3","75.2"
"82","802","3","86.1"
"33","1621","8","167.6"
"44","1080","7","37.4"
"88","2671","1","60.47"
"59","2682","6","41.81"
"77","2704","8","115.31"
"8","180","6","127.16"
"65","2848","6","41.81"
"49","263","7","197.94"
"40","1473","4","93.8"
"98","383","1","106.29"
"55","1177","5","29.71"
"39","1466","3","182.22"
"24","1902","9","126.09"
"22","600","6","74.96"
"40","2316","7","176.6"
"42","1392","9","51.11"
"17","279","10","86.94"
"15","930","6","92.77"
"6","1236","7","8.87"
"59","1747","8","116.81"
"94","1041","9","101.74"
"31","392","10","83.62"
"22","2186","5","78.3"
"87","2675","9","70.06"
"52","895","4","185.21"
"36","2275","5","179.93"
"97","2211","6","3.71"
"34","2489","1","196.3"
"54","2131","7","166.27"
"25","2822","3","200.11"
"93","2464","6","181.0"
"69","1180","6","43.67"
"12","2699","5","22.37"
"35","2408","2","151.23"
"7","1621","3","167.6"
"23","2534","10","156.71"
"3","2109","2","163.88"
"94","2125","10","117.5"
"81","1841","2","190.82"
"74","2371","9","80.08"
"55","2193","6","50.65"
"52","1863","8","179.88"
"29","844","1","84.69"
"66","123","1","2.27"
"89","2347","10","144.54"
"95","2217","8","125.56"
"35","2940","4","166.95"
"48","563","1","149.38"
"78","1344","6","104.55"
"70","2165","8","85.34"
"6","2758","3","57.58"
"45","1101","3","108.51"
"67","1409","9","142.78"
"13","1825","8","60.96"
"58","2378","4","169.46"
"47","889","6","111.93"
"4","2953","3","92.15"
"25","52","9","21.75"
"80","2708","10","5.72"
"36","69","9","190.3"
"37","500","5","90.67"
"3","1106","6","7.32"
"94","309","7","97.73"
"80","870","2","4.07"
"11","2170","2","182.61"
"26","2649","2","48.58"
"18","2841","8","159.6"
"69","1829","10","137.05"
"44","1922","3","187.49"
"41","2353","7","53.46"
"80","1784","9","63.93"
"83","866","1","46.21"
"15","66","6","161.09"
"33","2530","10","100.79"
"67","2942","9","197.5"
"86","2061","1","139.75"
"12","1904","6","98.56"
"33","2415","9","197.96"
"48","2005","7","36.55"
"10","1631","8","123.59"
"18","919","9","14.35"
"77","320","3","126.7"
"61","1999","5","56.38"
"61","508","8","190.07"
"50","1155","1","85.42"
"42","1859","8","73.86"
"88","27","8","170.78"
"80","1961","6","153.43"
"8","1742","9","23.94"
"9","1541","3","138.63"
"96","2420","1","180.02"
"89","1025","6","16.73"
"65","1259","10","56.16"
"40","406","8","56.59"
"84","1826","6","162.17"
"79","2485","3","156.04"
"46","663","6","186.36"
"29","594","2","95.11"
"4","2685","8","173.34"
"83","2500","10","31.15"
"66","2853","10","56.9"
"25","2960","8","185.51"
"83","1955","9","192.59"
"64","894","3","177.76"
"66","475","4","24.12"
"29","984","3","27.38"
"97","1324","8","53.42"
"94","1779","3","158.28"
"25","2069","7","61.64"
"39","683","6","11.24"
"98","2877","5","57.38"
"13","1107","3","104.91"
"46","1502","5","188.26"
"26","1449","4","9.48"
"41","2470","8","152.65"
"35","2292","3","180.32"
"56","249","6","186.81"
"89","695","10","157.65"
"35","2206","2","107.39"
"80","2800","5","152.39"
"64","685","6","38.46"
"4","2871","10","88.12"
"14","1044","3","18.77"
"31","808","2","196.93"
"0","448","3","179.49"
"25","302","10","78.3"
"49","2755","2","92.91"
"75","2520","9","199.2"
"6","923","9","165.92"
"94","1825","6","60.96"
"12","511","4","166.75"
"15","2793","8","126.57"
"70","2433","3","128.69"
"53","1926","5","85.21"
"75","581","1","53.28"
"69","1566","8","178.98"
"76","1027","1","65.12"
"2","1565","4","50.96"
"30","2607","10","18.74"
"90","2590","7","25.42"
"46","2238","1","51.41"
"36","499","2","98.81"
"65","901","1","46.1"
"84","1750","5","64.14"
"95","2880","7","160.67"
"47","2686","9","83.97"
"81","1796","3","160.11"
"97","1468","7","154.56"
"43","2302","7","69.11"
"82","739","8","11.22"
"91","2635","4","97.2"
"67","845","4","152.54"
"69","2134","2","24.9"
"20","832","7","165.11"
"77","2934","8","67.1"
"52","1412","3","1.23"
"78","508","9","190.07"
"53","806","1","131.22"
"49","1806","1","133.31"
"65","625","9","123.78"
"43","476","6","163.37"
"29","1117","8","59.07"
"70","1194","8","146.36"
"95","272","9","6.62"
"66","2856","2","191.78"
"89","612","4","21.52"
"23","1787","8","163.3"
"63","19","10","27.63"
"62","2848","4","41.81"
"19","1178","5","174.09"
"98","361","9","88.17"
"52","8","1","121.83"
"42","1959","6","112.19"
"64","1716","4","163.19"
"6","780","6","14.23"
"42","1422","8","67.93"
"32","1161","3","150.64"
"84","2849","9","58.99"
"19","1212","3","45.12"
"7","894","6","177.76"
"42","992","3","167.36"
"26","2536","10","153.57"
"34","265","10","159.7"
"60","1065","2","194.08"
"86","790","9","172.55"
"25","2136","7","15.52"
"17","2884","2","144.17"
"90","2201","3","177.2"
"9","1111","2","132.54"
"69","2574","6","139.6"
"14","592","9","125.04"
"65","2194","4","27.11"
"30","19","7","27.63"
"91","501","9","21.04"
"80","1782","2","14.46"
"10","1806","4","133.31"
"50","2739","5","133.21"
"86","1546","4","148.81"
"25","164","9","25.49"
"7","813","2","32.19"
"8","2571","10","176.43"
"28","258","10","90.54"
"2","2859","7","135.54"
"12","2183","10","48.81"
"75","2993","3","45.92"
"68","1214","7","155.47"
"62","282","6","7.47"
"79","2425","9","84.03"
"43","1084","1","125.9"
"79","1413","1","29.85"
"57","2975","1","21.72"
"74","1117","2","59.07"
"19","1457","7","32.39"
"53","2922","7","67.09"
"92","800","8","59.9"
"79","2342","7","75.66"
"24","1565","10","50.96"
"90","1340","7","75.26"
"42","1383","7","22.46"
"68","2950","4","45.47"
"86","1395","2","84.48"
"69","1562","9","172.86"
"10","2738","1","23.18"
"28","2191","3","35.96"
"41","1077","5","108.48"
"74","222","3","47.49"
"25","2345","4","145.26"
"77","305","10","20.73"
"41","2526","2","174.37"
"40","1909","7","113.64"
"38","2405","2","60.62"
"98","2850","8","11.5"
"11","2191","6","35.96"
"16","2085","10","113.87"
"25","2149","8","154.09"
"53","152","7","6.41"
"1","655","10","139.42"
"68","472","6","17.8"
"16","1200","3","113.82"
"96","2486","3","141.76"
"28","1360","2","38.29"
"46","2483","5","107.42"
"59","313","2","170.84"
"67","2217","9","125.56"
"74","1166","6","89.75"
"77","1378","6","162.59"
"60","1749","10","5.23"
"76","2251","4","29.3"
"56","2892","4","89.41"
"10","1527","10","169.53"
"79","384","9","143.1"
"84","2998","6","6.28"
"47","2983","2","169.97"
"5","976","1","67.26"
"17","117","10","200.93"
"98","596","9","85.59"
"20","1025","8","16.73"
"96","958","8","32.84"
"4","123","1","2.27"
"86","1856","2","164.04"
"44","942","9","44.72"
"37","2622","1","43.91"
"97","322","10","140.93"
"38","2698","7","115.31"
"19","1712","6","14.93"
"50","2520","2","199.2"
"69","804","5","109.98"
"72","2226","1","21.81"
"85","1626","10","138.46"
"86","670","6","50.09"
"71","1488","4","5.51"
"41","1603","1","179.3"
"44","2894","2","55.88"
"79","1900","2","129.27"
"47","2314","1","13.02"
"69","1559","2","155.77"
"99","851","7","30.85"
"58","2947","8","101.46"
"28","57","10","22.01"
"61","2684","1","42.32"
"37","1076","5","141.54"
"48","482","2","139.69"
"56","862","8","60.2"
"97","2609","3","77.26"
"10","12","6","50.48"
"86","1171","3","138.54"
"44","132","10","34.35"
"6","711","5","143.81"
"51","373","5","2.12"
"78","2331","3","28.64"
"25","309","7","97.73"
"81","1507","10","191.9"
"0","2336","1","193.21"
"48","309","5","97.73"
"99","1358","4","197.77"
"43","489","3","123.51"
"0","838","9","19.91"
"71","732","2","57.11"
"49","1103","9","132.78"
"22","2686","2","83.97"
"25","2383","10","135.32"
"63","2809","8","15.01"
"68","772","8","154.67"
"6","155","9","23.73"
"97","1817","3","61.42"
"79","153","6","111.87"
"82","1340","3","75.26"
"69","767","5","149.28"
"12","2922","2","67.09"
"95","1674","6","158.12"
"15","2210","1","8.99"
"43","2593","10","122.85"
"28","2405","2","60.62"
"90","2090","7","42.88"
"43","2429","10","7.99"
"9","80","2","135.14"
"97","394","2","8.78"
"81","1882","3","7.72"
"59","910","10","134.4"
"69","1207","8","86.53"
"42","1799","7","52.29"
"93","1786","6","83.61"
"36","2759","8","94.99"
"57","2315","5","55.06"
"19","2866","6","63.66"
"9","2053","4","195.33"
"7","130","5","45.02"
"61","2318","10","191.31"
"31","2156","9","156.94"
"48","2219","7","127.06"
"87","2103","8","60.21"
"81","786","9","168.45"
"95","445","5","49.2"
"72","1577","4","183.22"
"43","82","4","105.8"
"27","362","1","11.88"
"24","196","3","171.28"
"6","1475","9","186.72"
"69","536","3","55.09"
"76","2992","10","181.3"
"23","2570","9","84.88"
"78","1396","2","179.72"
"90","2354","7","192.55"
"50","2707","5","158.22"
"75","2710","4","169.89"
"33","907","2","135.72"
"30","1228","6","194.13"
"22","585","3","153.62"
"37","1895","2","50.03"
"25","2357","1","84.09"
"49","370","8","49.02"
"47","1766","3","186.61"
"45","1394","1","120.74"
"85","1027","8","65.12"
"0","593","7","104.01"
"75","479","6","52.63"
"47","2543","6","183.48"
"80","344","3","103.14"
"24","1729","3","125.45"
"41","2780","3","32.97"
"70","1648","1","136.16"
"47","862","10","60.2"
"87","1420","5","132.31"
"49","392","3","83.62"
"44","2251","7","29.3"
"22","2429","2","7.99"
"82","548","7","90.55"
"20","852","1","29.86"
"24","1680","9","134.99"
"80","2117","6","72.63"
"27","458","5","16.65"
"38","1987","1","38.55"
"0","1185","5","175.04"
"12","1537","7","13.36"
"71","2642","10","110.88"
"77","2611","3","91.13"
"57","814","7","74.23"
"30","236","3","24.6"
"17","1822","10","139.68"
"33","1073","5","103.93"
"31","2502","5","30.02"
"43","2700","5","159.37"
"35","1848","6","103.18"
"97","1823","5","135.68"
"73","2400","8","80.07"
"67","1908","10","79.78"
"3","1055","8","198.62"
"22","1275","10","53.91"
"79","1251","8","43.16"
"8","1075","5","179.11"
"61","2218","1","183.31"
"69","490","6","119.04"
"68","2625","2","15.24"
"66","2945","7","11.1"
"79","739","3","11.22"
"65","1899","7","95.68"
"35","960","4","199.89"
"93","412","4","155.0"
"68","1102","2","96.16"
"74","2755","4","92.91"
"97","2185","9","194.53"
"77","2875","7","171.47"
"6","52","10","21.75"
"30","655","6","139.42"
"71","140","5","58.78"
"61","859","4","190.27"
"54","811","3","2.74"
"95","2789","6","158.59"
"72","2354","8","192.55"
"19","297","4","61.24"
"89","605","4","105.55"
"53","400","3","3.28"
"79","2986","2","15.4"
"42","828","1","112.39"
"45","496","3","120.27"
"49","1282","7","158.73"
"6","430","6","85.82"
"1","2060","7","169.08"
"30","198","6","72.0"
"36","2895","10","170.95"
"9","2748","4","197.35"
"21","2398","1","125.15"
"61","1565","2","50.96"
"73","2374","6","170.01"
"30","2947","9","101.46"
"82","2931","4","10.6"
"76","1154","4","191.89"
"67","2092","3","37.85"
"97","2626","7","127.76"
"79","2395","10","7.05"
"81","1591","4","194.41"
"48","2152","8","104.12"
"58","891","10","193.83"
"63","2220","3","87.84"
"24","521","6","146.42"
"49","1450","10","169.62"
"55","2858","6","128.26"
"47","1595","1","178.93"
"50","1622","3","24.24"
"2","1436","7","12.64"
"50","2369","1","141.77"
"17","2621","10","82.76"
"94","249","1","186.81"
"59","157","5","32.9"
"86","1560","10","104.41"
"17","263","4","197.94"
"0","1077","8","108.48"
"51","1098","7","75.44"
"19","1697","5","154.52"
"71","2169","2","71.31"
"72","2409","10","83.3"
"64","163","1","101.58"
"72","1195","3","153.11"
"29","2823","6","115.15"
"66","1364","1","126.89"
"6","932","1","11.13"
"37","1988","10","105.7"
"48","2700","8","159.37"
"29","1443","4","180.93"
"54","2748","10","197.35"
"67","2523","8","3.14"
"56","2114","1","43.24"
"17","1906","3","131.12"
"21","2822","9","200.11"
"66","1107","10","104.91"
"99","853","9","19.18"
"17","1547","5","197.01"
"80","228","1","108.35"
"98","1549","6","170.67"
"41","1080","8","37.4"
"22","1327","7","84.2"
"5","1385","10","100.03"
"37","1800","4","161.35"
"2","625","6","123.78"
"48","702","1","54.9"
"84","2599","2","189.09"
"87","1901","3","119.28"
"1","2","10","152.07"
"19","2809","1","15.01"
"58","2611","8","91.13"
"33","323","9","118.23"
"56","1522","3","34.97"
"47","2303","1","154.03"
"79","2874","10","88.66"
"63","1813","1","8.58"
"28","2206","8","107.39"
"69","1401","5","144.97"
"98","432","1","19.84"
"34","1349","4","89.93"
"15","2099","8","174.93"
"52","2475","2","176.72"
"9","1666","6","53.69"
"70","924","7","56.52"
"37","1662","5","42.75"
"80","535","2","4.81"
"63","1858","4","164.64"
"6","2214","1","5.1"
"13","1135","5","24.57"
"11","2097","4","10.7"
"14","1318","5","147.79"
"65","869","5","58.18"
"62","2216","4","148.06"
"92","1624","3","58.94"
"68","836","4","149.82"
"2","2779","4","46.35"
"46","12","3","50.48"
"11","27","9","170.78"
"54","1556","5","162.38"
"88","1088","7","83.34"
"83","2398","5","125.15"
"79","1038","1","108.79"
"11","493","6","183.82"
"15","2658","7","74.84"
"66","206","7","184.78"
"91","2328","1","162.31"
"68","2811","7","33.96"
"77","2490","1","135.11"
"78","99","10","199.92"
"89","834","5","46.33"
"60","1141","2","189.68"
"62","606","4","133.93"
"7","2438","3","147.03"
"24","1208","2","27.93"
"21","359","2","129.22"
"44","2093","7","181.58"
"79","1288","5","194.69"
"11","2798","5","9.97"
"56","584","8","157.38"
"63","2185","10","194.53"
"75","1369","2","77.33"
"8","969","5","41.18"
"28","2709","10","164.17"
"41","1973","9","173.87"
"5","2824","3","85.73"
"59","2800","1","152.39"
"17","2869","2","175.91"
"10","540","10","147.44"
"41","1589","7","110.33"
"82","420","4","104.06"
"67","2265","6","180.51"
"24","1628","3","32.11"
"56","167","4","147.84"
"15","1514","8","195.01"
"70","503","2","30.25"
"7","485","6","35.84"
"71","1305","9","55.63"
"15","780","8","14.23"
"94","1736","4","187.6"
"78","2511","2","157.75"
"57","1666","3","53.69"
"60","760","2","56.13"
"91","1840","5","181.67"
"10","135","6","21.02"
"95","930","10","92.77"
"56","2058","3","108.02"
"80","1496","8","199.69"
"3","1713","3","188.34"
"76","1873","9","198.4"
"56","1924","3","63.21"
"19","597","1","126.01"
"15","2494","8","117.86"
"21","1335","8","96.74"
"4","2763","5","59.8"
"57","955","5","120.65"
"98","775","2","130.61"
"94","2482","3","188.25"
"61","82","7","105.8"
"96","2851","3","46.33"
"64","1470","8","159.71"
"46","18","1","143.11"
"28","1052","10","118.45"
"81","677","9","30.78"
"33","1395","3","84.48"
"84","1382","2","101.74"
"51","1446","8","67.0"
"56","2972","6","179.58"
"76","2012","5","89.32"
"50","630","8","17.14"
"58","1904","6","98.56"
"75","280","3","84.8"
"17","1130","9","165.38"
"51","1701","8","57.74"
"46","1285","10","177.93"
"0","1591","7","194.41"
"66","764","7","86.03"
"65","2523","1","3.14"
"68","1865","4","63.75"
"15","2265","3","180.51"
"48","817","2","83.41"
"26","1586","5","195.28"
"73","2877","8","57.38"
"56","2422","5","109.02"
"83","1715","1","97.69"
"98","159","9","191.94"
"84","2834","8","106.59"
"83","2011","6","62.33"
"24","982","9","197.97"
"21","2123","9","84.34"
"81","2117","8","72.63"
"5","1192","2","5.01"
"42","19","8","27.63"
"41","2805","2","103.23"
"99","1121","1","198.66"
"91","1970","3","192.81"
"78","1743","8","66.59"
"30","857","6","51.25"
"29","2997","1","130.2"
"40","1429","7","143.27"
"28","2349","1","134.03"
"10","1459","2","44.35"
"76","734","9","4.98"
"3","2643","5","31.86"
"65","2993","9","45.92"
"65","243","1","133.19"
"74","289","6","101.37"
"2","2654","3","24.13"
"92","481","1","68.55"
"85","683","2","11.24"
"57","1035","1","73.8"
"11","354","10","12.87"
"56","2904","9","107.27"
"70","1286","8","116.64"
"53","251","1","41.88"
"93","1345","4","89.11"
"48","1287","2","14.01"
"89","1103","2","132.78"
"81","39","9","23.29"
"42","2823","1","115.15"
"46","1442","5","172.23"
"37","2470","10","152.65"
"9","2290","9","200.45"
"18","2468","4","84.93"
"95","2301","2","129.87"
"61","2915","5","8.89"
"90","2050","1","105.6"
"56","518","8","192.02"
"10","2763","7","59.8"
"95","311","4","145.04"
"68","917","3","161.71"
"73","2883","8","164.29"
"90","952","6","133.66"
"75","2565","6","189.16"
"93","1464","4","93.74"
"69","53","6","57.1"
"61","197","8","104.06"
"64","611","6","89.41"
"85","2049","9","12.0"
"94","2021","1","7.19"
"11","1661","9","45.99"
"32","956","10","77.78"
"90","1105","2","125.55"
"79","2236","1","181.15"
"99","429","3","106.87"
"64","1042","4","163.46"
"19","630","10","17.14"
"51","2445","6","160.53"
"83","232","8","181.32"
"40","2347","3","144.54"
"96","702","8","54.9"
"76","2567","1","71.57"
"70","2719","10","126.26"
"67","903","9","169.22"
"97","534","10","152.31"
"4","1026","10","146.68"
"92","863","4","29.85"
"45","840","6","147.27"
"90","2099","3","174.93"
"90","681","9","148.63"
"5","99","5","199.92"
"31","775","1","130.61"
"9","1203","10","101.8"
"19","1137","4","35.52"
"13","2340","8","23.82"
"83","782","2","146.85"
"47","2809","3","15.01"
"43","1459","8","44.35"
"52","1670","6","148.57"
"28","86","6","73.56"
"44","246","8","180.88"
"40","900","2","134.29"
"37","2683","10","45.75"
"55","1958","5","159.35"
"43","1821","5","86.89"
"31","1853","1","148.53"
"9","1123","3","56.3"
"75","1526","6","24.52"
"98","819","2","186.97"
"45","895","5","185.21"
"16","2307","5","152.47"
"1","1762","8","94.05"
"4","1192","7","5.01"
"62","1241","1","9.64"
"77","2291","7","35.72"
"57","453","4","188.85"
"64","2931","8","10.6"
"15","223","8","140.84"
"18","2627","5","91.5"
"57","2464","4","181.0"
"71","2771","9","9.99"
"97","485","3","35.84"
"61","739","3","11.22"
"61","402","5","182.65"
"46","565","9","142.45"
"46","265","10","159.7"
"60","1293","1","30.7"
"54","1743","3","66.59"
"44","1448","3","164.59"
"97","566","2","157.82"
"50","1684","2","12.17"
"98","2364","5","32.05"
"82","838","5","19.91"
"77","2897","5","126.64"
"76","620","7","157.78"
"71","593","3","104.01"
"2","983","8","180.33"
"55","641","3","89.64"
"86","2715","2","146.64"
"72","350","4","156.41"
"29","1469","10","87.93"
"85","1787","7","163.3"
"56","1003","4","128.07"
"38","50","9","166.28"
"70","2254","6","107.62"
"6","32","3","113.88"
"62","2026","7","2.62"
"62","570","10","194.54"
"5","2927","1","103.23"
"83","685","6","38.46"
"44","1569","6","152.31"
"87","1326","1","140.59"
"97","2567","6","71.57"
"71","1429","9","143.27"
"9","1755","4","128.62"
"26","1878","8","190.2"
"42","507","10","170.69"
"25","1625","10","55.64"
"28","1763","7","166.2"
"83","1130","3","165.38"
"36","921","4","5.61"
"95","2239","10","147.64"
"74","1950","1","49.7"
"87","1859","6","73.86"
"21","930","7","92.77"
"7","1740","4","141.32"
"46","1142","5","88.98"
"43","2381","10","96.77"
"42","1025","8","16.73"
"35","2344","9","34.29"
"0","1082","8","51.12"
"96","402","1","182.65"
"10","1588","5","183.05"
"29","908","4","108.11"
"83","1544","4","26.75"
"6","1567","10","172.73"
"89","2849","7","58.99"
"75","2025","8","166.07"
"49","1974","7","142.97"
"33","1683","2","4.53"
"97","2948","10","74.88"
"44","588","3","0.94"
"60","1486","6","100.9"
"20","221","3","43.12"
"43","280","9","84.8"
"9","2428","3","104.33"
"53","1937","2","126.29"
"59","1294","5","33.81"
"4","2964","1","90.53"
"85","1986","1","88.8"
"88","395","6","26.5"
"99","1226","7","159.93"
"53","1655","5","82.38"
"10","1016","8","159.34"
"79","1231","7","36.82"
"37","2603","6","159.25"
"4","2048","6","80.53"
"13","1130","5","165.38"
"7","707","3","50.87"
"60","741","3","77.79"
"33","863","5","29.85"
"13","2364","9","32.05"
"68","1288","3","194.69"
"57","105","2","128.17"
"40","1284","1","72.04"
"43","361","1","88.17"
"25","2662","1","120.46"
"76","2775","1","17.49"
"75","2631","2","104.27"
"47","1854","5","119.7"
"31","2908","10","129.36"
"29","2566","7","129.88"
"37","455","10","63.64"
"24","303","1","21.68"
"50","811","7","2.74"
"29","428","8","111.81"
"36","1400","7","141.41"
"11","1841","6","190.82"
"84","1201","1","82.31"
"69","1107","2","104.91"
"49","651","7","170.1"
"3","2926","2","118.14"
"14","431","10","121.76"
"86","389","4","63.04"
"96","866","9","46.21"
"54","391","6","13.4"
"82","325","10","16.59"
"38","2723","3","104.45"
"33","1566","3","178.98"
"3","893","8","121.07"
"83","615","10","64.2"
"7","1850","5","11.21"
"47","2851","9","46.33"
"78","2467","6","197.31"
"10","443","3","38.29"
"74","2855","9","147.26"
"61","2598","9","151.24"
"68","2109","3","163.88"
"72","2653","8","140.92"
"78","92","3","115.96"
"87","2125","3","117.5"
"74","1665","9","35.92"
"68","1912","6","20.45"
"14","795","2","33.82"
"46","2825","1","37.08"
"60","892","10","44.9"
"2","565","7","142.45"
"42","553","1","33.0"
"56","357","1","169.87"
"4","1800","2","161.35"
"66","794","1","197.92"
"62","2123","5","84.34"
"16","380","8","43.71"
"7","2094","7","127.86"
"75","2482","9","188.25"
"94","1712","8","14.93"
"15","385","4","23.54"
"90","341","5","4.93"
"78","2733","3","151.07"
"17","1735","3","159.32"
"88","2513","7","4.89"
"77","2132","1","136.81"
"18","1167","7","3.47"
"65","1162","4","174.84"
"3","1709","2","34.56"
"11","588","2","0.94"
"12","382","1","116.52"
"31","1040","4","94.63"
"39","1461","6","125.54"
"57","1655","10","82.38"
"5","1100","9","112.73"
"64","2282","8","84.4"
"3","936","3","125.89"
"98","103","9","48.43"
"35","119","1","169.51"
"19","2389","5","70.08"
"61","295","3","85.12"
"68","2154","5","126.34"
"54","2057","1","195.8"
"26","2731","6","6.03"
"86","2249","3","122.94"
"54","1023","10","7.95"
"36","1176","6","107.14"
"98","2951","4","23.95"
"23","1154","8","191.89"
"55","445","7","49.2"
"18","946","4","68.67"
"14","2554","9","122.99"
"9","2763","9","59.8"
"72","487","6","7.82"
"19","2188","3","198.08"
"27","34","7","26.39"
"56","1153","10","133.74"
"0","557","9","31.95"
"7","744","2","140.47"
"73","1277","2","112.48"
"37","636","1","2.55"
"57","114","3","82.22"
"24","1000","5","61.63"
"33","566","1","157.82"
"72","1960","8","140.17"
"54","2275","1","179.93"
"90","104","10","126.05"
"59","2375","10","164.81"
"63","2077","1","138.68"
"78","2388","7","86.21"
"61","2567","5","71.57"
"95","2616","8","47.51"
"91","2116","5","33.8"
"88","524","2","190.61"
"27","1524","6","111.92"
"10","1085","9","107.86"
"85","523","6","87.34"
"37","667","5","29.06"
"87","1077","9","108.48"
"64","1228","9","194.13"
"49","2530","9","100.79"
"10","2437","1","57.07"
"46","239","6","70.92"
"29","2892","7","89.41"
"56","912","8","105.26"
"54","124","9","1.29"
"59","1885","1","23.14"
"35","2678","10","143.53"
"83","1050","7","183.46"
"25","1675","9","11.85"
"7","2300","9","146.17"
"14","2419","1","132.37"
"61","1102","9","96.16"
"93","324","10","94.59"
"56","2878","1","145.82"
"57","1497","3","56.29"
"86","1670","5","148.57"
"67","1865","5","63.75"
"51","167","7","147.84"
"74","1667","4","59.73"
"23","1957","7","76.92"
"88","2254","2","107.62"
"67","183","2","124.09"
"96","145","3","144.73"
"7","982","2","197.97"
"49","1413","9","29.85"
"49","2821","9","84.28"
"49","304","4","83.61"
"38","207","10","188.73"
"29","876","4","141.63"
"30","1471","3","160.46"
"65","1805","5","79.04"
"43","1327","7","84.2"
"78","2438","4","147.03"
"61","1411","8","116.03"
"34","1012","9","108.85"
"96","1522","8","34.97"
"75","1948","7","187.44"
"4","2168","7","127.09"
"42","1289","5","56.16"
"32","1048","3","102.38"
"4","1141","8","189.68"
"78","744","8","140.47"
"64","820","6","45.96"
"9","1605","4","97.59"
"4","1749","3","5.23"
"96","1373","4","144.14"
"49","1378","4","162.59"
"91","1336","5","98.89"
"99","427","1","9.29"
"0","1386","7","41.16"
"7","2073","6","169.23"
"8","0","1","35.75"
"90","1012","4","108.85"
"76","1137","10","35.52"
"7","1430","4","16.01"
"34","2827","5","194.04"
"45","1064","9","33.88"
"54","1797","9","56.82"
"39","183","5","124.09"
"96","749","10","65.34"
"31","1446","9","67.0"
"85","1101","10","108.51"
"45","1710","8","0.66"
"2","2295","4","118.4"
"2","62","7","127.27"
"96","1523","10","43.88"
"89","2268","10","145.72"
"49","126","8","198.16"
"77","1622","10","24.24"
"68","1257","9","54.52"
"25","962","3","145.5"
"72","2298","10","183.25"
"87","1319","8","126.64"
"23","2856","1","191.78"
"60","2483","4","107.42"
"31","1724","2","116.38"
"76","2490","8","135.11"
"44","2979","4","98.7"
"18","1768","6","129.63"
"31","1482","9","82.84"
"2","2050","10","105.6"
"82","2873","9","31.06"
"67","2226","6","21.81"
"14","953","7","14.08"
"13","754","7","76.67"
"10","1615","10","115.29"
"19","2789","2","158.59"
"92","2881","6","26.39"
"84","681","2","148.63"
"67","13","9","83.32"
"41","370","5","49.02"
"86","2077","1","138.68"
"51","2905","6","166.3"
"82","692","6","188.34"
"64","1679","1","118.41"
"78","1516","3","189.59"
"81","2969","10","43.18"
"39","770","5","165.51"
"12","2722","1","131.02"
"57","1443","4","180.93"
"60","1587","5","157.85"
"71","1903","1","95.8"
"77","1000","6","61.63"
"38","189","2","184.56"
"39","1462","5","135.38"
"36","470","9","69.34"
"98","2949","6","128.04"
"99","1750","8","64.14"
"40","2644","9","143.69"
"71","1826","5","162.17"
"33","2245","2","195.53"
"18","166","7","58.18"
"76","718","9","15.76"
"0","78","7","82.14"
"76","765","9","122.24"
"67","944","5","5.23"
"9","848","10","189.09"
"67","2641","10","108.47"
"69","2602","6","60.58"
"3","2204","4","32.16"
"5","451","9","130.69"
"36","248","5","70.09"
"78","2923","8","42.3"
"20","1982","8","163.69"
"50","277","9","10.8"
"37","2419","3","132.37"
"54","678","10","148.3"
"4","13","1","83.32"
"60","1058","10","144.61"
"43","2145","5","198.01"
"52","692","5","188.34"
"56","236","1","24.6"
"40","1322","3","52.96"
"89","1696","7","147.25"
"50","894","10","177.76"
"91","1025","8","16.73"
"54","1816","10","124.7"
"61","634","7","141.3"
"9","1571","2","136.48"
"21","2285","2","12.42"
"52","67","1","112.65"
"6","931","9","58.87"
"43","2418","6","179.54"
"49","653","7","17.54"
"39","221","4","43.12"
"14","834","9","46.33"
"70","1579","4","194.14"
"59","527","7","190.24"
"36","433","9","164.6"
"49","858","5","62.73"
"19","1661","2","45.99"
"0","659","5","70.72"
"62","2139","5","33.76"
"24","2633","1","48.01"
"1","664","5","112.76"
"37","1216","1","77.92"
"61","1477","3","182.5"
"6","1925","9","91.19"
"22","37","9","104.24"
"38","1902","3","126.09"
"11","2419","2","132.37"
"26","1287","2","14.01"
"23","977","5","139.0"
"46","738","3","59.59"
"69","2056","1","142.99"
"48","895","8","185.21"
"99","1332","7","93.81"
"7","756","2","34.49"
"83","1293","3","30.7"
"66","556","5","35.2"
"25","1735","10","159.32"
"15","2856","10","191.78"
"35","1804","10","54.41"
"75","643","9","174.58"
"85","2159","1","179.9"
"64","1874","5","77.19"
"82","1335","6","96.74"
"46","606","4","133.93"
"58","2600","6","160.04"
"78","2871","8","88.12"
"81","2532","9","136.28"
"16","1926","9","85.21"
"43","1438","9","74.05"
"72","2052","3","62.42"
"66","2208","1","80.69"
"74","1496","6","199.69"
"5","2400","4","80.07"
"0","1371","8","171.8"
"98","2446","9","200.93"
"38","969","4","41.18"
"50","1710","9","0.66"
"71","85","9","51.31"
"98","1471","4","160.46"
"3","2362","9","107.85"
"73","2889","10","143.49"
"99","665","7","76.01"
"90","2259","8","161.03"
"49","1834","9","134.34"
"7","1446","2","67.0"
"75","2650","10","35.35"
"56","2099","4","174.93"
"19","1274","10","71.6"
"81","2540","9","181.43"
"59","2402","3","155.42"
"96","689","7","90.15"
"20","1712","3","14.93"
"62","1926","7","85.21"
"91","245","5","170.05"
"9","2604","10","93.94"
"76","224","9","112.61"
"87","1246","2","116.94"
"21","2923","2","42.3"
"49","2464","9","181.0"
"41","1314","8","194.01"
"57","8","1","121.83"
"28","386","7","78.63"
"29","1569","2","152.31"
"6","1011","8","97.12"
"92","248","6","70.09"
"99","2913","9","175.07"
"44","1393","5","172.49"
"48","692","9","188.34"
"86","1368","10","159.92"
"24","984","3","27.38"
"52","2453","6","58.73"
"46","1647","3","71.48"
"28","1544","9","26.75"
"29","1560","1","104.41"
"86","2480","2","152.89"
"61","67","8","112.65"
"39","477","10","56.56"
"45","2689","8","33.59"
"21","2843","8","54.92"
"95","525","8","187.1"
"6","1603","5","179.3"
"26","2504","3","26.85"
"94","457","2","23.77"
"48","2553","2","5.75"
"40","2695","7","7.23"
"50","849","8","112.76"
"75","2753","7","75.34"
"43","1237","5","54.16"
"65","2651","8","2.72"
"1","1498","6","112.68"
"14","941","10","24.6"
"25","977","3","139.0"
"62","822","4","132.37"
"9","725","5","37.5"
"83","2748","10","197.35"
"12","908","2","108.11"
"28","1068","4","84.2"
"47","1311","8","56.6"
"31","1215","1","95.6"
"90","2515","1","51.59"
"8","1448","10","164.59"
"26","2853","2","56.9"
"69","2699","5","22.37"
"37","506","6","186.9"
"88","179","2","112.26"
"13","198","4","72.0"
"59","246","5","180.88"
"31","60","3","90.24"
"77","119","4","169.51"
"71","1282","4","158.73"
"7","534","9","152.31"
"92","2628","3","16.11"
"68","2476","4","163.97"
"29","1442","10","172.23"
"51","916","5","129.02"
"55","2452","9","86.26"
"85","206","1","184.78"
"28","1125","8","9.31"
"85","2934","6","67.1"
"86","1394","4","120.74"
"5","1212","10","45.12"
"23","1177","6","29.71"
"96","616","4","60.23"
"29","560","5","22.19"
"7","1200","3","113.82"
"7","2542","1","3.92"
"53","2813","5","69.33"
"30","63","3","47.19"
"30","511","8","166.75"
"62","2799","5","75.26"
"12","2807","2","183.04"
"89","2056","4","142.99"
"75","1648","5","136.16"
"27","1287","5","14.01"
"78","305","8","20.73"
"17","2422","1","109.02"
"41","2795","10","158.17"
"47","2108","3","185.73"
"31","837","7","151.1"
"12","1866","1","76.39"
"67","2893","5","98.7"
"52","2684","5","42.32"
"3","424","1","61.8"
"69","48","3","20.3"
"6","963","3","108.2"
"54","1903","3","95.8"
"43","609","2","177.74"
"87","1214","1","155.47"
"89","2314","6","13.02"
"17","1175","8","88.77"
"30","1363","7","20.1"
"48","155","1","23.73"
"86","2779","7","46.35"
"11","2251","8","29.3"
"69","98","10","109.81"
"2","2509","4","144.85"
"81","79","10","40.42"
"41","2884","3","144.17"
"65","750","1","97.25"
"37","2234","7","52.07"
"72","2384","2","118.36"
"73","469","4","100.61"
"14","1755","2","128.62"
"55","2637","5","17.46"
"2","2874","5","88.66"
"63","405","1","199.08"
"52","1484","10","77.12"
"21","2870","3","78.52"
"0","2449","7","12.9"
"52","2312","3","170.88"
"22","930","8","92.77"
"9","2565","5","189.16"
"85","91","7","104.03"
"51","1058","2","144.61"
"80","1054","4","46.97"
"31","246","3","180.88"
"31","1751","8","141.35"
"95","32","5","113.88"
"23","283","1","71.53"
"32","2973","2","134.82"
"56","802","2","86.1"
"12","752","2","34.84"
"97","2618","8","38.05"
"55","184","5","98.73"
"23","354","6","12.87"
"23","603","2","86.33"
"60","407","7","5.62"
"78","136","6","55.68"
"24","1101","10","108.51"
"15","966","10","136.6"
"67","2303","7","154.03"
"5","1328","5","192.75"
"96","123","7","2.27"
"80","1073","9","103.93"
"19","1641","4","33.99"
"41","674","3","188.51"
"67","1607","10","105.58"
"0","704","9","196.33"
"95","49","9","165.64"
"69","2107","7","15.95"
"40","704","10","196.33"
"53","1773","6","196.76"
"0","2969","9","43.18"
"96","2562","7","137.54"
"8","1049","5","67.02"
"52","1274","4","71.6"
"36","2636","9","143.45"
"53","565","7","142.45"
"36","809","6","128.67"
"42","2269","3","112.56"
"85","1240","4","37.52"
"94","2536","1","153.57"
"69","2735","9","82.93"
"81","2715","6","146.64"
"90","2771","4","9.99"
"98","1595","2","178.93"
"99","744","3","140.47"
"20","2777","2","68.49"
"55","2709","9","164.17"
"58","66","10","161.09"
"46","2197","4","144.8"
"42","2453","9","58.73"
"25","501","10","21.04"
"23","2641","9","108.47"
"25","452","3","22.26"
"34","70","10","164.68"
"53","1086","6","130.62"
"64","1434","10","156.23"
"0","580","9","48.34"
"51","1747","6","116.81"
"19","2693","2","179.4"
"25","2200","1","193.36"
"68","2539","5","174.94"
"58","2033","2","65.61"
"80","2214","1","5.1"
"88","1519","3","31.57"
"14","2261","4","25.87"
"10","2939","3","197.0"
"30","2303","1","154.03"
"38","1236","10","8.87"
"96","1778","6","75.22"
"60","878","9","174.37"
"20","1644","5","199.17"
"11","1268","3","92.91"
"7","1953","10","142.7"
"11","1980","7","24.24"
"1","1444","7","187.8"
"31","1953","8","142.7"
"33","1503","3","4.28"
"56","1216","1","77.92"
"90","2380","9","97.04"
"56","1308","8","112.18"
"9","2976","9","109.73"
"73","598","2","93.15"
"87","582","8","92.83"
"71","2570","7","84.88"
"91","802","8","86.1"
"3","2021","5","7.19"
"75","1183","2","31.66"
"90","2625","2","15.24"
"75","1820","3","151.53"
"98","2626","2","127.76"
"97","2871","6","88.12"
"77","555","5","72.86"
"35","726","6","60.25"
"58","1905","6","132.96"
"86","510","7","71.17"
"11","1385","1","100.03"
"67","930","10","92.77"
"81","514","5","119.73"
"89","1148","3","97.74"
"4","2663","1","106.13"
"37","1386","6","41.16"
"1","671","1","54.36"
"25","2586","4","58.69"
"68","2085","4","113.87"
"83","71","8","174.47"
"33","1330","10","96.99"
"11","204","5","194.14"
"84","571","7","200.43"
"31","1513","3","179.7"
"61","476","5","163.37"
"9","1616","7","2.85"
"41","1897","2","53.5"
"88","2327","6","160.56"
"86","1116","5","151.65"
"18","245","5","170.05"
"94","294","5","108.42"
"73","2395","5","7.05"
"61","984","3","27.38"
"36","2472","5","123.62"
"84","219","1","106.14"
"52","2413","5","153.06"
"18","1362","1","17.87"
"12","1244","5","175.55"
"18","2017","1","114.19"
"17","556","10","35.2"
"19","2024","5","1.86"
"1","2928","3","145.91"
"28","34","8","26.39"
"37","2713","3","199.77"
"36","1218","4","10.64"
"3","71","5","174.47"
"75","2534","9","156.71"
"2","2213","3","145.63"
"44","1642","2","51.47"
"0","1397","8","77.46"
"35","2587","3","139.95"
"49","2472","9","123.62"
"41","241","8","131.38"
"88","1069","8","84.31"
"13","1285","1","177.93"
"63","875","4","68.24"
"52","2859","5","135.54"
"64","62","7","127.27"
"31","2297","10","128.18"
"72","1785","10","90.49"
"94","275","2","28.25"
"38","1046","2","111.66"
"10","1394","5","120.74"
"13","2473","4","74.55"
"86","1012","5","108.85"
"80","1275","7","53.91"
"46","2511","3","157.75"
"94","1145","6","128.48"
"85","1481","3","101.31"
"19","300","3","47.45"
"17","516","2","26.6"
"22","1670","4","148.57"
"1","1661","1","45.99"
"19","1596","7","134.93"
"89","2937","8","198.13"
"43","1297","3","10.99"
"97","101","8","21.49"
"41","1468","6","154.56"
"63","1844","1","153.41"
"17","2353","9","53.46"
"35","2740","9","147.17"
"33","834","4","46.33"
"2","1468","8","154.56"
"67","774","8","148.03"
"29","1705","3","79.0"
"26","2418","4","179.54"
"57","564","6","27.22"
"20","2603","1","159.25"
"29","1940","6","48.84"
"62","734","1","4.98"
"47","980","2","131.78"
"72","820","4","45.96"
"63","1623","9","129.92"
"14","2685","6","173.34"
"22","2444","3","129.9"
"79","1948","9","187.44"
"71","251","10","41.88"
"55","1526","8","24.52"
"8","1575","10","153.98"
"87","392","10","83.62"
"36","1538","5","144.33"
"89","2859","7","135.54"
"24","817","2","83.41"
"96","2738","9","23.18"
"59","197","10","104.06"
"61","700","7","73.94"
"13","580","5","48.34"
"40","2774","5","10.21"
"11","2263","10","45.08"
"5","2930","4","91.81"
"99","2893","3","98.7"
"76","2427","2","126.78"
"80","66","7","161.09"
"33","710","6","28.9"
"96","205","4","16.88"
"18","560","3","22.19"
"57","2286","8","30.85"
"43","1490","1","91.0"
"31","2071","10","124.47"
"43","2808","4","81.01"
"98","234","10","185.91"
"86","1220","3","130.85"
"91","1198","6","110.44"
"80","1667","6","59.73"
"72","2096","8","167.04"
"81","526","9","141.93"
"28","2467","5","197.31"
"11","869","10","58.18"
"28","61","9","38.18"
"55","786","7","168.45"
"94","1878","1","190.2"
"8","2396","4","48.92"
"40","1194","9","146.36"
"7","2271","9","3.0"
"43","2648","1","19.32"
"82","344","7","103.14"
"83","2892","2","89.41"
"59","2841","9","159.6"
"57","344","3","103.14"
"96","2355","1","165.22"
"21","1916","10","184.77"
"94","2725","5","155.43"
"68","278","3","187.62"
"48","1373","3","144.14"
"35","1324","7","53.42"
"60","2397","9","28.48"
"86","1268","3","92.91"
"10","2311","9","182.73"
"69","1293","4","30.7"
"71","1278","10","0.18"
"52","536","3","55.09"
"80","647","3","157.42"
"73","2878","3","145.82"
"18","1539","3","19.74"
"98","592","7","125.04"
"37","864","1","137.39"
"49","176","7","92.6"
"78","1043","1","3.95"
"19","72","1","109.35"
"96","2824","5","85.73"
"25","2310","4","126.03"
"25","1431","5","106.51"
"37","2076","7","29.93"
"68","2561","6","163.51"
"41","2959","2","128.79"
"55","2752","8","38.89"
"13","1405","10","139.31"
"0","300","6","47.45"
"59","1536","10","15.26"
"56","1369","6","77.33"
"34","2303","1","154.03"
"61","47","2","49.92"
"68","427","10","9.29"
"38","2757","3","86.65"
"94","880","7","71.28"
"20","1486","4","100.9"
"6","48","2","20.3"
"24","2383","4","135.32"
"9","1379","6","52.78"
"72","2218","4","183.31"
"63","2606","3","131.76"
"60","399","5","16.99"
"9","904","7","42.42"
"63","874","7","111.24"
"98","603","7","86.33"
"46","2741","2","68.78"
"79","2541","9","197.77"
"53","617","2","59.36"
"34","2044","8","85.26"
"9","2374","8","170.01"
"21","581","3","53.28"
"78","2554","5","122.99"
"92","1947","9","182.11"
"24","34","10","26.39"
"70","2119","6","77.09"
"72","2905","3","166.3"
"4","2618","4","38.05"
"91","174","7","182.69"
"70","2299","5","22.69"
"15","1038","8","108.79"
"38","315","3","161.66"
"96","974","3","72.89"
"29","1239","7","158.71"
"10","342","9","35.89"
"20","704","7","196.33"
"69","2033","7","65.61"
"23","368","9","121.37"
"20","2514","2","178.72"
"27","2194","10","27.11"
"84","2098","6","93.71"
"12","2533","3","30.76"
"39","515","8","148.36"
"5","2115","3","8.13"
"29","2041","10","13.21"
"18","1294","5","33.81"
"18","1822","5","139.68"
"59","2340","4","23.82"
"3","2388","3","86.21"
"73","2189","4","99.43"
"65","682","5","157.52"
"71","392","6","83.62"
"32","151","2","104.61"
"75","1558","2","15.92"
"82","1658","3","181.99"
"83","1983","8","98.91"
"43","2687","8","78.23"
"80","2231","1","48.0"
"68","2517","4","93.04"
"7","697","6","47.16"
"21","128","10","108.92"
"64","844","5","84.69"
"22","556","10","35.2"
"35","1866","7","76.39"
"41","319","1","165.46"
"97","1560","6","104.41"
"50","1227","6","134.01"
"1","1597","6","168.46"
"39","1700","10","156.69"
"65","884","1","19.76"
"51","2126","1","73.31"
"78","1532","2","118.76"
"24","421","3","81.42"
"21","1081","4","98.64"
"37","2471","5","137.33"
"75","2411","10","159.42"
"5","916","4","129.02"
"86","1090","9","140.94"
"93","779","10","50.77"
"21","1683","9","4.53"
"87","2233","10","137.43"
"23","1342","1","2.6"
"41","333","8","31.05"
"72","1383","8","22.46"
"38","321","2","198.51"
"70","124","5","1.29"
"88","456","9","174.51"
"22","2147","9","157.51"
"32","2062","1","41.42"
"76","2774","8","10.21"
"96","2685","7","173.34"
"24","2439","7","38.46"
"8","1869","5","7.11"
"98","2550","6","14.96"
"80","1909","4","113.64"
"80","1057","7","47.24"
"57","2786","7","94.21"
"2","2797","3","8.49"
"8","847","10","11.08"
"35","2522","2","6.87"
"47","1366","2","154.16"
"11","332","10","186.72"
"7","1480","6","111.49"
"40","1785","10","90.49"
"41","440","7","116.81"
"71","1585","3","90.09"
"80","128","7","108.92"
"17","818","6","131.75"
"65","1003","7","128.07"
"58","2832","5","146.72"
"66","2010","4","193.11"
"35","1583","1","183.76"
"96","460","6","99.03"
"17","969","3","41.18"
"47","2134","1","24.9"
"76","2494","4","117.86"
"63","2926","7","118.14"
"88","2404","5","168.95"
"38","1645","6","42.36"
"96","798","4","143.45"
"11","1121","3","198.66"
"15","793","6","165.99"
"96","133","4","68.98"
"35","2979","10","98.7"
"45","1349","10","89.93"
"23","1762","5","94.05"
"19","2668","9","189.88"
"32","594","5","95.11"
"31","1039","4","62.38"
"43","2472","8","123.62"
"95","403","6","68.19"
"57","2673","3","119.6"
"35","2573","9","9.5"
"3","1075","5","179.11"
"24","212","3","120.91"
"42","2888","10","106.09"
"26","2622","9","43.91"
"74","1","2","16.68"
"99","2805","9","103.23"
"18","574","4","116.88"
"35","469","5","100.61"
"29","679","4","79.72"
"27","1316","8","196.07"
"83","2392","5","62.71"
"77","647","2","157.42"
"28","542","10","190.0"
"86","289","1","101.37"
"58","762","2","154.68"
"60","67","3","112.65"
"85","2945","7","11.1"
"82","492","3","57.79"
"33","1950","5","49.7"
"35","1669","1","97.07"
"61","673","1","139.26"
"77","2731","2","6.03"
"58","663","7","186.36"
"17","2859","1","135.54"
"5","1407","8","85.51"
"70","2998","6","6.28"
"61","1215","2","95.6"
"20","676","9","188.1"
"11","150","5","108.77"
"6","2443","10","124.03"
"20","1692","10","47.71"
"47","551","4","17.35"
"51","2954","9","172.62"
"14","2799","8","75.26"
"40","593","7","104.01"
"96","1348","7","108.79"
"18","2655","1","77.11"
"31","1087","8","32.57"
"48","2626","10","127.76"
"61","2925","6","124.85"
"3","1733","3","135.95"
"19","762","8","154.68"
"43","1483","6","5.72"
"78","24","5","20.39"
