"0","2052","225","3",
"1","1873","180","7","2024-06-07 10:58:11"
"2","1879","415","1","2024-08-13 00:01:43"
"3","2586","57","9",
"4","1183","37","9","2024-04-09 08:53:40"
"5","969","143","1",
"6","1626","77","8","2024-04-23 22:57:09"
"7","2225","382","8","2024-01-04 09:38:04"
"8","1133","49","3","2024-01-27 20:48:42"
"9","1299","290","4",
"10","2174","41","1","2024-01-23 04:59:30"
"11","2558","56","1","2024-03-29 22:11:20"
"12","1654","23","8",
"13","2580","328","2","2024-06-21 08:14:22"
"14","1793","390","5","2024-10-17 15:56:25"
"15","731","55","5","2024-03-02 01:57:12"
"16","232","70","6",
"17","1106","354","7",
"18","1116","17","1",
"19","2492","186","4","2024-08-04 13:28:04"
"20","2889","250","9","2024-06-29 11:41:29"
"21","1032","144","11",
"22","1850","480","4","2024-02-10 16:57:12"
"23","662","78","11","2024-02-03 23:44:39"
"24","2103","160","5",
"25","1727","468","9",
"26","1733","436","7","2024-06-29 15:55:44"
"27","16","292","8","2024-03-16 03:19:25"
"28","1249","154","7","2024-07-22 23:29:41"
"29","346","306","6",
"30","1060","401","11","2024-07-25 18:13:35"
"31","1289","263","2",
"32","1788","120","8",
"33","1021","219","7",
"34","1628","465","9",
"35","1169","309","5",
"36","18","140","9",
"37","2537","143","11",
"38","2958","119","1","2024-04-28 17:43:16"
"39","85","99","6","2024-05-11 18:52:52"
"40","714","255","5","2024-03-14 22:29:58"
"41","441","403","10","2024-03-28 04:57:07"
"42","2276","351","3",
"43","151","215","9",
"44","1290","160","1",
"45","1906","47","11","2024-12-02 23:33:18"
"46","1270","269","1","2024-03-26 22:59:53"
"47","2377","185","7",
"48","797","501","4","2024-01-29 04:04:55"
"49","1020","195","3","2024-08-14 15:42:04"
"50","2575","329","3","2024-11-25 18:15:19"
"51","557","259","4","2024-04-18 07:23:18"
"52","2738","433","9",
"53","2059","215","11",
"54","152","249","7",
"55","1676","364","4","2024-10-23 17:18:51"
"56","471","42","1",
"57","2827","413","9",
"58","1716","163","10",
"59","2907","167","1",
"60","868","422","8",
"61","2961","453","7","2024-08-28 03:41:54"
"62","1909","146","10","2024-04-05 12:54:46"
"63","2814","500","11","2024-07-02 15:30:50"
"64","1938","359","10","2024-08-23 00:46:47"
"65","87","81","4","2024-08-21 15:26:30"
"66","399","429","10","2024-05-21 16:20:29"
"67","1321","457","9","2024-03-11 09:09:28"
"68","272","46","6",
"69","1157","284","9",
"70","2394","175","7","2024-06-10 19:18:08"
"71","838","302","8","2024-05-20 13:16:42"
"72","637","14","2",
"73","78","36","8",
"74","1534","335","5",
"75","235","102","9","2024-07-05 07:54:24"
"76","1745","470","10",
"77","236","284","8",
"78","537","259","11","2024-04-25 02:43:50"
"79","78","267","4","2024-06-18 00:23:43"
"80","645","38","10","2024-08-28 10:45:06"
"81","2706","112","8","2024-10-03 22:20:10"
"82","1896","473","1",
"83","488","115","2","2024-09-24 08:21:38"
"84","2036","439","6",
"85","2962","168","5","2024-08-13 12:15:09"
"86","1017","325","7",
"87","1700","166","4","2024-06-29 16:00:35"
"88","1515","500","3",
"89","503","47","4","2024-10-12 18:10:25"
"90","1214","278","4","2024-06-28 07:54:20"
"91","2219","448","4","2024-04-06 20:13:39"
"92","1113","84","9",
"93","1039","418","7","2024-02-01 06:00:42"
"94","1521","116","3",
"95","2004","234","2","2024-04-02 09:32:48"
"96","1583","321","6","2024-08-31 14:23:06"
"97","1938","142","9",
"98","840","16","11","2024-02-21 16:24:26"
"99","1873","381","1","2024-03-11 20:15:07"
"100","2576","38","10","2024-01-23 12:25:59"
"101","417","121","6","2024-06-26 07:55:36"
"102","1768","386","7","2024-09-23 07:23:13"
"103","2549","251","5",
"104","138","96","5","2024-07-01 16:39:56"
"105","2069","386","8","2024-07-10 15:48:07"
"106","1752","443","10",
"107","958","99","5",
"108","2405","287","9","2024-08-07 23:03:39"
"109","2290","279","11","2024-09-05 12:58:56"
"110","1873","83","10","2024-03-22 18:02:04"
"111","2516","92","5","2024-02-18 12:58:44"
"112","1145","224","6","2024-08-13 11:03:33"
"113","1461","455","8",
"114","1570","224","10","2024-10-23 11:05:45"
"115","2751","345","10",
"116","2660","284","2","2024-06-06 20:48:29"
"117","555","144","10",
"118","308","91","7",
"119","2302","32","1",
"120","1232","135","9",
"121","2878","171","3",
"122","2295","338","5",
"123","1715","297","11","2024-06-25 04:25:57"
"124","2084","452","10",
"125","153","442","6",
"126","618","171","9",
"127","2425","273","7","2024-12-04 14:16:57"
"128","252","318","7","2024-02-02 06:14:00"
"129","2726","395","3",
"130","1722","362","3","2024-10-02 11:32:38"
"131","2600","128","2","2024-10-10 02:02:01"
"132","1845","286","9",
"133","1285","347","5",
"134","2088","128","2","2024-07-02 23:53:40"
"135","2651","254","1",
"136","541","369","5","2024-03-03 23:36:49"
"137","566","10","8",
"138","500","273","2","2024-02-28 07:12:12"
"139","2912","206","5","2024-08-21 23:39:17"
"140","1101","117","8",
"141","1529","190","10",
"142","1057","206","5",
"143","2607","261","1",
"144","2742","22","1","2024-05-20 16:17:14"
"145","1121","62","3",
"146","1658","373","11",
"147","829","481","11","2024-04-14 18:51:47"
"148","1131","395","1","2024-11-06 04:33:10"
"149","1188","135","1",
"150","1797","216","7","2024-01-02 09:55:04"
"151","2281","33","7",
"152","1795","271","5",
"153","2548","102","11","2024-04-05 05:38:07"
"154","2165","158","2",
"155","117","38","6","2024-06-05 11:20:35"
"156","20","271","1",
"157","1797","178","4","2024-04-20 23:20:19"
"158","1357","341","7","2024-01-03 11:54:14"
"159","2258","238","10",
"160","532","163","3","2024-02-07 16:33:26"
"161","2598","366","1",
"162","1535","450","7",
"163","2148","470","9","2024-09-14 11:54:34"
"164","1952","65","11",
"165","2100","368","5",
"166","2253","2","6",
"167","2291","156","10","2024-09-03 16:39:05"
"168","1647","309","8","2024-03-13 00:42:09"
"169","922","462","2","2024-04-16 19:27:08"
"170","1031","310","9",
"171","882","74","9",
"172","2019","419","8",
"173","1774","153","1","2024-02-13 08:54:02"
"174","1471","288","4","2024-06-16 02:58:22"
"175","1356","303","11","2024-11-16 19:37:10"
"176","588","210","10",
"177","156","28","7",
"178","1792","326","6",
"179","685","33","6","2024-08-03 22:15:36"
"180","1989","109","9","2024-07-23 23:02:19"
"181","2822","398","6","2024-03-01 07:17:42"
"182","1138","207","8",
"183","1393","109","1","2024-11-18 09:53:26"
"184","447","240","11",
"185","1745","134","8",
"186","2000","500","4","2024-04-27 10:29:07"
"187","862","395","5","2024-03-07 20:33:41"
"188","1067","28","3",
"189","1763","87","10","2024-03-03 14:50:36"
"190","2165","449","6",
"191","1325","464","10","2024-12-03 06:50:17"
"192","1625","356","4",
"193","2281","160","1",
"194","2252","231","10","2024-02-25 05:04:09"
"195","1731","323","6","2024-08-10 22:03:09"
"196","411","25","9","2024-07-17 15:48:06"
"197","2523","370","3",
"198","214","217","9","2024-03-19 05:02:44"
"199","1919","233","10",
"200","2545","467","7",
"201","1930","98","6","2024-05-01 20:52:43"
"202","2088","313","5","2024-08-16 13:07:19"
"203","221","202","9",
"204","2825","447","10",
"205","1070","121","7",
"206","2252","163","1","2024-02-23 22:36:49"
"207","301","90","2",
"208","2401","208","8","2024-04-01 23:51:05"
"209","245","415","1","2024-09-30 13:57:40"
"210","1003","313","7",
"211","1585","370","2","2024-08-24 23:59:43"
"212","760","249","5","2024-03-11 00:41:08"
"213","877","442","11","2024-01-31 11:05:20"
"214","892","239","6","2024-06-08 17:56:26"
"215","1747","339","6","2024-09-02 21:08:41"
"216","2110","176","2",
"217","2101","321","1","2024-07-23 02:06:17"
"218","1267","271","9","2024-06-22 22:30:23"
"219","379","229","1",
"220","2593","47","1","2024-02-22 12:58:31"
"221","1436","493","11","2024-11-23 01:44:51"
"222","548","304","2",
"223","2134","194","5","2024-11-02 12:18:50"
"224","1607","145","3","2024-04-18 21:09:06"
"225","2211","256","8",
"226","1394","437","8","2024-05-25 15:17:45"
"227","1067","414","6","2024-08-08 20:25:50"
"228","60","175","6","2024-07-18 13:28:43"
"229","2870","81","7","2024-01-30 13:09:05"
"230","470","339","9",
"231","387","241","6",
"232","1369","246","2",
"233","1355","330","2","2024-04-01 20:21:32"
"234","2087","322","2",
"235","29","475","6",
"236","2662","385","5","2024-03-07 17:15:28"
"237","2238","289","4","2024-09-09 20:47:01"
"238","1475","368","11","2024-09-23 18:22:21"
"239","143","210","2",
"240","2687","333","10","2024-05-27 08:51:43"
"241","301","274","1",
"242","2034","100","6","2024-03-05 01:52:15"
"243","986","358","1","2024-10-11 16:11:58"
"244","2524","391","2","2024-09-25 04:45:33"
"245","474","203","11",
"246","2878","266","1","2024-05-20 04:27:19"
"247","2919","41","10",
"248","2829","438","10",
"249","2915","82","2",
"250","865","420","5","2024-08-23 23:31:42"
"251","2766","288","8",
"252","2609","498","1","2024-07-23 13:36:21"
"253","433","310","2",
"254","820","86","11","2024-01-01 01:02:50"
"255","2120","109","5",
"256","2462","50","11",
"257","55","168","3","2024-05-16 00:23:15"
"258","1211","124","1","2024-08-09 09:26:02"
"259","702","383","7",
"260","1568","338","7",
"261","12","51","2","2024-05-25 18:53:59"
"262","1219","461","10","2024-07-25 01:18:28"
"263","2940","423","9","2024-02-11 22:23:57"
"264","795","32","9","2024-08-23 01:45:04"
"265","1897","272","8","2024-09-24 23:07:03"
"266","846","394","2","2024-05-18 03:25:08"
"267","1004","118","7","2024-10-12 11:12:44"
"268","721","313","5",
"269","217","263","10","2024-01-18 22:17:42"
"270","1637","459","1","2024-02-22 10:31:04"
"271","1047","195","10","2024-03-24 15:44:48"
"272","583","433","11",
"273","896","227","3",
"274","1792","321","11","2024-08-11 17:49:53"
"275","2256","166","5",
"276","2341","156","1",
"277","565","9","2",
"278","989","118","10",
"279","612","264","2","2024-06-15 12:04:24"
"280","1476","32","6","2024-02-11 17:35:51"
"281","429","174","5",
"282","2309","171","8",
"283","1920","348","1","2024-08-04 08:59:20"
"284","36","131","10",
"285","1889","171","9","2024-05-07 06:01:37"
"286","1887","175","2","2024-08-27 18:59:21"
"287","2065","453","3",
"288","2905","470","3",
"289","1097","353","5","2024-05-02 00:44:00"
"290","2695","487","3","2024-06-12 08:04:23"
"291","1238","464","6",
"292","709","53","8",
"293","2436","432","7",
"294","2654","79","9",
"295","933","190","9",
"296","2877","101","8",
"297","533","201","4",
"298","2637","351","3","2024-05-07 18:53:18"
"299","1628","408","10",
"300","622","377","9",
"301","450","253","10","2024-04-30 09:39:30"
"302","1392","46","3","2024-04-02 21:22:55"
"303","1278","474","11","2024-05-04 05:18:47"
"304","2542","115","1",
"305","2762","122","9","2024-02-12 17:25:01"
"306","2165","366","10","2024-07-18 13:08:05"
"307","1149","52","1","2024-10-12 14:26:05"
"308","565","168","8",
"309","2735","297","1",
"310","342","301","3","2024-10-03 23:31:14"
"311","1751","411","3",
"312","1339","255","11",
"313","1608","64","10",
"314","1795","172","9","2024-01-29 14:18:00"
"315","1473","143","4","2024-07-19 03:22:56"
"316","938","30","1","2024-10-14 11:33:30"
"317","1187","91","2",
"318","112","105","8",
"319","2957","82","3","2024-09-01 13:00:15"
"320","80","52","3",
"321","1350","288","10",
"322","309","56","1","2024-10-28 19:14:32"
"323","847","302","5",
"324","2077","393","10","2024-04-25 20:23:59"
"325","173","112","10",
"326","836","103","10",
"327","1264","64","3",
"328","123","163","2",
"329","870","360","10","2024-02-16 04:43:35"
"330","2549","444","7",
"331","1603","35","3","2024-10-28 00:03:22"
"332","2959","387","3",
"333","689","264","10","2024-10-23 08:07:18"
"334","1080","491","9","2024-01-29 10:18:02"
"335","2612","356","4","2024-02-28 03:39:35"
"336","252","94","5",
"337","1680","410","9","2024-05-15 14:40:34"
"338","162","324","10","2024-08-16 13:03:31"
"339","1479","102","1",
"340","2310","164","7",
"341","61","487","5","2024-04-25 03:29:03"
"342","712","255","8",
"343","2843","232","7",
"344","497","35","2","2024-02-24 07:47:42"
"345","2124","282","2",
"346","722","121","1",
"347","2877","272","10","2024-02-13 15:08:44"
"348","271","47","7",
"349","690","189","2",
"350","1384","445","6",
"351","1977","245","10","2024-05-28 15:24:38"
"352","2967","337","8",
"353","30","107","9",
"354","1835","462","1",
"355","1040","368","7",
"356","1147","232","4",
"357","1809","155","8",
"358","1598","335","9","2024-06-29 08:43:24"
"359","436","189","1",
"360","2985","200","4",
"361","2564","10","5",
"362","2725","374","9",
"363","1559","87","10",
"364","836","194","7","2024-05-18 05:41:56"
"365","2121","495","5",
"366","2858","482","2",
"367","2747","152","5","2024-03-27 09:19:00"
"368","137","211","6","2024-05-16 20:23:36"
"369","2563","389","8","2024-07-01 05:23:32"
"370","2074","127","8","2024-03-07 18:34:06"
"371","1992","218","5",
"372","2181","39","8","2024-05-08 06:37:29"
"373","558","78","9","2024-10-22 09:08:53"
"374","1814","57","5","2024-11-26 02:52:30"
"375","1223","79","10",
"376","41","404","5",
"377","2651","84","6",
"378","482","127","8",
"379","1174","475","8",
"380","2103","380","5","2024-02-10 06:19:19"
"381","937","151","6","2024-01-12 17:34:28"
"382","2908","5","10",
"383","103","16","8","2024-05-10 21:58:57"
"384","1009","28","11","2024-06-04 13:30:58"
"385","334","474","1",
"386","1079","24","1",
"387","1387","38","2","2024-10-06 16:33:50"
"388","1736","147","6","2024-01-20 11:34:36"
"389","2401","419","6",
"390","2061","353","9","2024-01-22 03:21:43"
"391","1330","379","6",
"392","785","123","7",
"393","1388","471","3",
"394","2830","185","9",
"395","2638","283","9","2024-11-21 14:20:33"
"396","2924","28","5","2024-09-28 15:27:37"
"397","1478","343","2","2024-05-17 11:25:16"
"398","2507","227","9",
"399","1701","37","10","2024-06-26 09:10:54"
"400","2920","456","4","2024-05-12 06:33:00"
"401","751","378","4","2024-06-12 08:12:58"
"402","1514","473","7","2024-12-01 03:38:39"
"403","2492","143","2","2024-11-24 05:50:28"
"404","1629","168","10",
"405","1322","234","6",
"406","663","324","8",
"407","2535","287","10",
"408","861","329","4","2024-08-30 12:59:39"
"409","66","16","7","2024-04-12 00:28:31"
"410","2528","234","6","2024-06-04 20:58:51"
"411","1439","131","4","2024-07-05 13:33:33"
"412","1416","5","5",
"413","685","161","4","2024-03-12 04:46:48"
"414","50","332","6",
"415","876","79","11",
"416","1822","439","7","2024-05-01 09:45:42"
"417","2993","97","2",
"418","1502","227","8","2024-12-01 04:54:30"
"419","955","369","7","2024-07-04 17:48:08"
"420","2097","26","5","2024-10-20 12:05:38"
"421","1053","288","11",
"422","148","288","4","2024-01-03 13:58:23"
"423","667","19","5","2024-11-20 13:01:35"
"424","664","82","5",
"425","2658","369","3",
"426","62","368","11",
"427","1444","451","9",
"428","2342","79","9",
"429","2708","247","9",
"430","2815","181","4","2024-08-18 09:13:32"
"431","1141","259","1",
"432","2590","68","8","2024-11-19 10:07:47"
"433","402","1","9","2024-01-01 05:33:09"
"434","1617","121","1","2024-08-15 22:09:12"
"435","651","338","11","2024-06-17 03:14:46"
"436","1865","350","9",
"437","273","34","6","2024-09-06 07:30:58"
"438","877","200","2","2024-05-02 19:38:51"
"439","404","79","3",
"440","1683","334","10","2024-09-21 17:04:55"
"441","1882","445","1",
"442","2128","209","10","2024-06-15 16:12:36"
"443","162","450","11",
"444","615","261","11",
"445","944","457","4",
"446","2649","400","11","2024-01-09 12:39:31"
"447","1800","77","9","2024-11-20 04:52:22"
"448","792","232","4",
"449","1374","498","5","2024-01-10 09:16:03"
"450","1109","432","10","2024-09-16 06:00:00"
"451","402","171","6",
"452","84","155","9","2024-08-24 17:07:49"
"453","2748","300","4","2024-05-08 06:24:25"
"454","2843","256","3","2024-02-05 12:19:45"
"455","1406","280","1",
"456","1638","348","5",
"457","1802","367","9","2024-10-29 21:56:16"
"458","2113","291","4","2024-06-26 20:25:04"
"459","2051","226","9","2024-08-05 10:07:16"
"460","2772","67","1","2024-07-24 03:24:25"
"461","859","396","5",
"462","2107","91","2","2024-06-10 22:59:53"
"463","1508","231","7",
"464","1675","36","2",
"465","531","157","3",
"466","2127","400","2",
"467","625","374","11","2024-03-19 06:34:53"
"468","2434","315","5","2024-03-02 10:18:42"
"469","190","23","10","2024-10-05 17:26:10"
"470","2826","129","3","2024-06-24 05:53:26"
"471","1453","104","4","2024-09-04 02:30:29"
"472","842","388","10",
"473","1648","37","7",
"474","1761","269","1",
"475","224","373","6",
"476","2793","2","9",
"477","462","139","6",
"478","1394","500","4",
"479","1551","359","8",
"480","970","155","7",
"481","1455","194","11","2024-06-23 08:06:07"
"482","1399","47","11",
"483","1302","26","10",
"484","2078","134","1",
"485","2469","299","8","2024-04-03 08:28:51"
"486","2842","367","11","2024-08-27 00:31:05"
"487","2318","233","11","2024-04-02 13:25:02"
"488","1001","343","6",
"489","2212","158","8","2024-10-14 01:16:29"
"490","384","114","10",
"491","2172","42","1","2024-01-18 12:13:54"
"492","2295","175","4",
"493","231","27","4","2024-10-19 21:18:51"
"494","1497","216","8","2024-01-19 20:12:34"
"495","1439","42","1","2024-04-28 05:37:34"
"496","2129","74","3",
"497","2706","187","11","2024-11-03 21:42:12"
"498","87","318","11",
"499","2698","405","2",
"500","2220","395","2","2024-05-07 14:02:32"
"501","2178","333","10",
"502","512","177","11",
"503","886","500","2","2024-01-30 14:23:22"
"504","2069","280","11",
"505","1954","108","11",
"506","890","444","4","2024-11-01 03:17:50"
"507","1760","223","3","2024-01-15 01:13:49"
"508","2341","145","1",
"509","2519","450","8","2024-02-03 12:49:04"
"510","2257","217","10",
"511","2355","258","1",
"512","582","209","11",
"513","2698","94","4","2024-05-06 20:14:22"
"514","2576","22","6","2024-02-10 00:02:59"
"515","2982","277","2","2024-03-24 00:08:29"
"516","397","174","8",
"517","1553","169","1","2024-02-26 14:10:07"
"518","2100","109","5","2024-07-29 08:10:05"
"519","2218","286","6","2024-07-14 02:30:27"
"520","1342","449","11","2024-04-10 20:36:41"
"521","2059","455","2","2024-05-23 22:11:37"
"522","667","6","8",
"523","98","284","5",
"524","776","336","2",
"525","1060","387","5",
"526","2724","362","2",
"527","1054","185","8",
"528","2410","7","2","2024-06-14 12:57:25"
"529","337","434","3","2024-01-06 23:06:21"
"530","1144","355","11","2024-05-08 22:46:12"
"531","2470","235","8","2024-07-31 12:11:34"
"532","2663","343","11","2024-11-25 04:00:44"
"533","1778","129","3",
"534","1227","293","10",
"535","686","335","1",
"536","1222","500","3",
"537","3","191","2",
"538","2070","180","4",
"539","364","398","9","2024-04-30 23:45:18"
"540","1184","96","11",
"541","1953","347","2",
"542","286","412","6","2024-03-04 05:48:47"
"543","1790","300","3",
"544","533","441","8",
"545","2154","306","10","2024-08-31 14:03:10"
"546","74","379","3",
"547","1289","136","8","2024-04-20 17:30:13"
"548","2744","426","10","2024-06-25 07:18:30"
"549","1144","428","7","2024-10-03 11:39:26"
"550","1191","91","7","2024-10-20 19:04:12"
"551","201","464","10",
"552","1915","385","7",
"553","2600","476","4",
"554","368","46","2","2024-11-04 14:17:08"
"555","2072","275","10",
"556","933","91","11",
"557","1660","15","7",
"558","1667","420","5","2024-04-01 13:44:01"
"559","1164","461","6","2024-07-03 09:54:56"
"560","2352","371","3","2024-01-07 01:20:17"
"561","2142","166","6","2024-03-24 09:51:20"
"562","1111","10","9",
"563","70","211","9",
"564","2874","285","1","2024-01-07 02:52:01"
"565","58","291","9","2024-11-18 07:23:58"
"566","214","430","4","2024-03-24 11:42:32"
"567","2106","371","1",
"568","362","271","7","2024-07-03 03:01:06"
"569","1239","370","5",
"570","1064","490","1",
"571","1980","478","2",
"572","897","255","10","2024-11-07 11:13:37"
"573","1751","404","1",
"574","1807","87","2","2024-07-22 16:31:43"
"575","1310","270","8",
"576","2939","395","5","2024-11-18 19:26:37"
"577","534","21","11","2024-05-27 17:23:36"
"578","2847","370","6","2024-05-15 06:08:50"
"579","1802","195","5",
"580","1267","195","8","2024-04-05 17:06:39"
"581","1932","462","8",
"582","866","126","10","2024-04-20 23:41:20"
"583","694","273","11",
"584","764","361","7",
"585","1935","196","3",
"586","1826","453","2",
"587","1633","45","11",
"588","348","8","1",
"589","1441","452","9","2024-09-23 01:48:12"
"590","204","107","10","2024-07-25 13:20:57"
"591","2750","156","2",
"592","612","301","4",
"593","961","355","10",
"594","149","90","7",
"595","54","35","11",
"596","2326","494","5",
"597","864","420","4",
"598","1756","63","2","2024-06-09 07:10:33"
"599","938","405","11","2024-07-16 08:15:20"
"600","2434","360","1",
"601","1810","396","3","2024-07-05 23:46:06"
"602","2892","144","10",
"603","2417","170","6","2024-06-02 03:11:23"
"604","607","305","10","2024-05-05 01:11:06"
"605","1355","76","10",
"606","2620","257","6",
"607","2712","94","11","2024-10-20 07:04:28"
"608","2494","27","6",
"609","122","427","10",
"610","2971","244","5",
"611","1418","51","3","2024-06-02 15:20:33"
"612","139","115","6",
"613","1079","435","9","2024-11-16 17:49:38"
"614","2145","467","3","2024-11-02 06:57:28"
"615","715","344","1","2024-11-05 07:35:10"
"616","1621","82","9","2024-05-13 05:21:32"
"617","1627","26","5",
"618","1009","277","7",
"619","2778","205","11",
"620","2501","290","9","2024-09-27 13:57:56"
"621","2882","392","5","2024-10-31 07:33:36"
"622","178","384","8",
"623","884","478","3","2024-10-12 04:27:14"
"624","77","234","6","2024-11-28 22:48:06"
"625","1239","243","4","2024-03-25 21:18:04"
"626","2057","292","3","2024-02-12 19:17:33"
"627","1505","399","9","2024-01-03 00:46:26"
"628","1952","185","4",
"629","655","465","5",
"630","956","283","10","2024-03-13 10:47:21"
"631","402","142","1","2024-05-29 12:16:01"
"632","2066","476","3",
"633","2446","80","11","2024-09-11 15:29:39"
"634","821","346","7","2024-11-15 12:14:21"
"635","372","187","8",
"636","1879","369","2",
"637","2838","221","4","2024-03-13 04:28:37"
"638","1256","498","5",
"639","198","312","7",
"640","1555","244","10","2024-11-13 16:51:56"
"641","1868","274","8","2024-11-02 20:20:01"
"642","2199","484","3","2024-05-10 15:23:27"
"643","1209","396","7",
"644","2245","238","6",
"645","609","3","10","2024-08-06 00:32:12"
"646","2567","332","9",
"647","159","228","6",
"648","577","285","6","2024-04-17 17:14:42"
"649","1374","45","2",
"650","205","72","10",
"651","1763","181","2","2024-09-07 04:04:06"
"652","334","358","5","2024-05-12 10:36:57"
"653","1543","437","3",
"654","343","201","3",
"655","117","21","8",
"656","115","471","5","2024-04-03 15:20:38"
"657","1924","442","7","2024-08-26 13:53:08"
"658","2370","97","9",
"659","1944","84","9",
"660","1855","155","11",
"661","2003","82","8",
"662","2793","128","11","2024-02-06 09:33:55"
"663","480","437","11","2024-05-18 19:24:13"
"664","762","99","9","2024-10-16 02:17:10"
"665","2978","98","8","2024-05-26 02:21:31"
"666","2793","25","1",
"667","1943","33","4",
"668","1876","466","1",
"669","1152","93","8",
"670","2875","281","9",
"671","1251","271","7",
"672","2466","5","2",
"673","2334","96","11",
"674","463","453","4","2024-02-28 22:06:16"
"675","53","137","6",
"676","819","420","3",
"677","391","33","11",
"678","969","303","3","2024-02-08 20:38:04"
"679","550","338","1",
"680","2314","437","4","2024-04-17 17:31:11"
"681","486","329","4",
"682","448","138","11","2024-06-09 23:37:15"
"683","396","349","3","2024-10-25 11:05:51"
"684","1365","144","5","2024-11-17 09:08:12"
"685","372","135","5",
"686","364","109","1",
"687","2618","302","9","2024-10-05 08:06:51"
"688","2540","253","2",
"689","327","464","1",
"690","2994","452","10",
"691","264","496","11","2024-10-24 13:01:06"
"692","1467","435","6","2024-09-05 08:38:41"
"693","2824","259","2","2024-06-22 21:07:43"
"694","1954","20","10",
"695","2285","396","9",
"696","2817","308","6","2024-09-14 01:32:27"
"697","2118","466","4","2024-04-28 20:43:55"
"698","1922","469","3","2024-07-12 13:58:33"
"699","1193","73","1","2024-11-09 08:01:15"
"700","618","98","4","2024-11-20 09:44:31"
"701","1812","460","4",
"702","730","216","3",
"703","1439","178","9","2024-10-25 10:16:37"
"704","737","13","2","2024-03-15 20:36:15"
"705","1094","478","10",
"706","163","297","1",
"707","2216","481","6",
"708","350","284","7",
"709","2989","152","1",
"710","2237","432","10",
"711","1683","222","8","2024-01-25 17:50:23"
"712","583","494","2","2024-08-11 17:32:08"
"713","2749","59","1","2024-11-30 01:40:31"
"714","2106","447","10",
"715","406","23","8","2024-04-04 21:24:40"
"716","1342","446","5",
"717","2539","451","8",
"718","298","124","2","2024-11-05 00:06:46"
"719","567","495","3",
"720","889","59","7",
"721","746","241","11","2024-05-30 11:54:06"
"722","2932","241","2","2024-08-12 15:37:54"
"723","437","213","5","2024-04-11 04:54:06"
"724","1162","29","4",
"725","1865","348","4",
"726","209","146","10","2024-11-06 11:02:26"
"727","1459","298","10","2024-05-03 19:25:58"
"728","910","227","5",
"729","1937","230","2",
"730","257","213","5",
"731","827","41","5",
"732","2056","27","9","2024-04-04 01:14:37"
"733","2977","191","10",
"734","1407","8","7","2024-10-11 16:20:55"
"735","2713","398","8",
"736","435","497","4","2024-05-20 17:31:41"
"737","2101","134","5",
"738","2350","12","2",
"739","560","356","6",
"740","836","29","8",
"741","249","193","1",
"742","2558","34","2","2024-05-11 15:13:58"
"743","1654","346","9","2024-01-01 15:18:44"
"744","697","347","1",
"745","2565","207","6","2024-04-19 03:05:37"
"746","2034","322","4","2024-01-05 09:50:07"
"747","923","242","6","2024-01-03 20:57:03"
"748","2086","463","6",
"749","508","465","10","2024-11-13 17:35:05"
"750","1651","32","2",
"751","1086","214","2","2024-08-30 19:36:46"
"752","2930","447","9","2024-03-13 00:26:05"
"753","820","291","10","2024-11-24 17:00:51"
"754","191","81","8",
"755","2516","225","4","2024-07-20 15:23:08"
"756","1524","357","2",
"757","306","245","10",
"758","2216","177","5",
"759","2299","217","9","2024-08-13 12:06:05"
"760","464","344","8",
"761","1749","168","9",
"762","1632","245","6","2024-10-24 19:55:56"
"763","45","256","9",
"764","2532","334","1","2024-05-20 01:55:14"
"765","1885","399","11","2024-07-22 19:19:31"
"766","2624","189","8",
"767","1076","63","9",
"768","386","351","3","2024-08-24 17:38:09"
"769","1601","204","9",
"770","132","56","4","2024-07-24 21:27:37"
"771","883","205","9","2024-04-11 13:56:19"
"772","1907","291","8","2024-08-28 07:28:02"
"773","633","334","6",
"774","305","53","4",
"775","1121","497","8",
"776","304","56","9","2024-04-10 16:14:42"
"777","2809","107","5","2024-03-05 14:25:37"
"778","1237","496","2","2024-11-26 12:34:23"
"779","2797","289","1",
"780","1760","21","6","2024-01-30 07:26:00"
"781","2374","268","10","2024-04-04 00:12:44"
"782","1327","63","11",
"783","44","173","7","2024-10-07 04:11:04"
"784","1245","339","4",
"785","2664","292","7",
"786","223","28","1","2024-01-03 02:59:27"
"787","2714","180","1",
"788","625","196","9","2024-11-05 02:22:04"
"789","1753","17","7","2024-03-06 21:43:40"
"790","1560","126","1","2024-11-05 00:36:43"
"791","301","106","2",
"792","925","61","1",
"793","1089","164","6",
"794","1351","304","5","2024-02-04 20:46:35"
"795","583","200","3",
"796","2786","12","11","2024-10-04 22:03:59"
"797","2066","125","7",
"798","742","173","6","2024-10-26 22:46:53"
"799","1682","487","5",
"800","2412","445","4","2024-08-29 00:31:28"
"801","1123","110","7","2024-02-17 19:14:46"
"802","945","409","10",
"803","2055","313","11",
"804","1317","300","9",
"805","65","153","8",
"806","1940","439","2","2024-07-05 04:55:47"
"807","1761","166","4","2024-08-06 21:05:10"
"808","343","189","4",
"809","2329","14","4","2024-02-05 18:27:53"
"810","2813","14","3","2024-05-05 14:17:46"
"811","2315","316","9","2024-02-26 15:37:27"
"812","2690","258","3","2024-10-28 16:34:44"
"813","778","453","8","2024-03-03 03:07:16"
"814","829","192","9","2024-04-06 13:35:44"
"815","2207","182","3","2024-09-24 07:59:49"
"816","206","355","10","2024-09-11 02:02:28"
"817","191","45","6",
"818","2984","404","10","2024-08-06 14:44:48"
"819","1324","170","3","2024-07-21 04:32:21"
"820","1257","130","4",
"821","2646","365","6",
"822","1083","199","4",
"823","2139","46","7",
"824","877","449","6",
"825","2102","5","3",
"826","1712","484","10","2024-06-10 08:57:27"
"827","862","96","1","2024-10-18 04:42:59"
"828","2417","108","11",
"829","149","18","4","2024-06-21 12:12:21"
"830","1500","89","1",
"831","2635","466","10",
"832","2377","270","6","2024-05-25 12:02:43"
"833","214","23","9",
"834","2943","298","3",
"835","2132","382","9","2024-04-13 15:25:23"
"836","93","6","8",
"837","2676","385","6","2024-04-03 15:53:52"
"838","2329","408","11","2024-05-17 23:36:35"
"839","2926","384","1","2024-07-13 17:20:58"
"840","775","346","8",
"841","2588","2","6",
"842","2389","387","5","2024-03-20 20:16:15"
"843","1668","83","1","2024-08-20 08:19:30"
"844","2607","95","5",
"845","754","136","3","2024-03-13 00:38:52"
"846","2311","214","10",
"847","151","238","2",
"848","1482","205","10","2024-03-08 07:43:20"
"849","2431","174","8",
"850","1204","286","4",
"851","905","163","7","2024-11-17 13:45:48"
"852","1558","371","9","2024-04-04 09:08:57"
"853","724","31","7","2024-04-20 20:29:47"
"854","244","493","6","2024-06-29 10:42:31"
"855","2451","430","11",
"856","209","59","11","2024-07-24 01:26:18"
"857","2447","155","9","2024-09-08 15:37:42"
"858","565","434","5",
"859","2870","238","9","2024-05-09 06:33:33"
"860","314","277","11",
"861","206","160","5",
"862","2957","177","4",
"863","621","162","1","2024-07-09 08:38:22"
"864","448","417","8","2024-09-30 00:45:25"
"865","2119","180","9",
"866","1700","408","4","2024-03-01 23:56:06"
"867","1132","167","9","2024-07-12 07:58:16"
"868","1276","260","10","2024-10-07 23:54:33"
"869","132","256","6",
"870","850","386","4",
"871","2173","12","1",
"872","616","115","8",
"873","1688","427","7","2024-09-06 23:23:22"
"874","2184","472","7","2024-02-14 00:53:28"
"875","2207","53","3",
"876","1105","169","5",
"877","260","50","3","2024-01-29 05:07:12"
"878","216","303","1","2024-05-26 19:32:54"
"879","2786","218","9","2024-03-18 17:22:04"
"880","2143","62","1","2024-05-22 11:14:52"
"881","2417","278","1",
"882","1503","34","1",
"883","1030","477","4","2024-02-14 06:51:31"
"884","2755","445","10","2024-02-12 04:18:14"
"885","1054","317","8",
"886","1532","213","4",
"887","1166","105","8",
"888","2070","280","6",
"889","1107","26","9",
"890","1239","91","5",
"891","2170","21","1",
"892","1397","382","1",
"893","2746","240","10",
"894","2411","409","6","2024-07-11 18:23:36"
"895","1570","438","9",
"896","151","412","5","2024-01-20 00:34:16"
"897","1255","369","10",
"898","1120","471","10","2024-04-14 23:38:03"
"899","56","229","6","2024-09-29 13:26:57"
"900","348","375","4","2024-06-25 06:19:50"
"901","1848","472","8",
"902","122","19","2","2024-09-16 03:52:04"
"903","2735","380","9",
"904","821","351","3",
"905","1456","393","1",
"906","2840","42","2",
"907","291","297","10",
"908","592","258","4","2024-09-11 09:14:12"
"909","574","286","3",
"910","413","490","6",
"911","1197","10","10",
"912","803","53","4","2024-10-31 01:45:20"
"913","185","44","6",
"914","2301","205","3",
"915","2164","269","6",
"916","1072","223","8","2024-04-20 14:46:12"
"917","2319","186","1","2024-01-10 06:02:57"
"918","608","353","1","2024-01-19 02:33:19"
"919","1235","38","9",
"920","2187","123","2","2024-03-07 13:44:21"
"921","705","409","3","2024-10-17 04:37:26"
"922","2967","65","9","2024-10-04 02:54:22"
"923","2865","244","7",
"924","1288","199","3",
"925","611","106","5",
"926","2200","402","2",
"927","477","400","2",
"928","2755","260","2",
"929","2288","356","3",
"930","1275","489","2",
"931","2165","285","7","2024-08-06 06:42:33"
"932","2593","144","6",
"933","1","30","9",
"934","732","261","8","2024-03-31 16:30:02"
"935","614","274","9","2024-09-03 02:55:42"
"936","1433","410","9",
"937","672","450","8",
"938","2275","176","3",
"939","528","114","1",
"940","1829","377","10","2024-01-04 04:57:13"
"941","26","342","11","2024-06-08 23:07:23"
"942","2470","256","11","2024-03-02 18:31:06"
"943","2944","448","8",
"944","2013","165","4","2024-08-08 14:36:48"
"945","882","346","3",
"946","61","37","11","2024-02-02 01:54:07"
"947","445","230","6",
"948","1646","391","6",
"949","2990","199","4",
"950","322","384","4","2024-05-15 09:24:42"
"951","1143","224","1",
"952","1632","355","10","2024-05-27 13:35:33"
"953","108","3","10",
"954","2269","47","10",
"955","114","83","7",
"956","1347","218","3","2024-06-24 16:47:36"
"957","1893","109","3","2024-09-18 17:41:25"
"958","1471","299","2","2024-02-29 12:48:06"
"959","1911","424","7",
"960","1908","418","10","2024-04-17 21:12:20"
"961","386","64","2",
"962","1148","329","8","2024-07-05 04:33:08"
"963","884","328","11",
"964","106","262","2",
"965","2158","464","1","2024-09-30 12:20:39"
"966","277","463","7","2024-02-27 20:50:19"
"967","78","461","3",
"968","694","411","4",
"969","2599","201","8",
"970","2180","361","10","2024-09-25 01:45:43"
"971","95","501","4",
"972","1928","65","10","2024-08-16 22:51:17"
"973","1354","204","5",
"974","2364","349","6","2024-09-02 20:14:29"
"975","57","66","8","2024-08-25 04:17:31"
"976","129","121","9","2024-10-19 23:15:38"
"977","1492","96","9",
"978","137","101","2","2024-10-27 11:01:31"
"979","884","278","3",
"980","2950","26","7",
"981","1932","391","8","2024-04-28 07:59:47"
"982","2408","114","11",
"983","1774","472","3","2024-04-18 19:48:37"
"984","2927","205","2","2024-08-05 09:42:03"
"985","114","322","5","2024-05-25 21:42:56"
"986","1752","245","2",
"987","918","44","1",
"988","2501","41","10","2024-05-16 14:44:29"
"989","2064","285","6",
"990","1103","28","7","2024-09-13 16:52:16"
"991","2803","308","9",
"992","1851","386","4",
"993","155","261","4",
"994","135","422","1","2024-01-12 13:06:50"
"995","2868","357","10",
"996","348","125","1",
"997","2476","218","11","2024-08-26 16:50:09"
"998","2243","196","10","2024-03-28 14:31:22"
"999","499","104","1","2024-02-21 22:38:02"
"1000","292","345","2","2024-05-24 20:31:26"
"1001","240","125","7","2024-12-04 03:05:14"
"1002","2487","151","9","2024-09-29 20:53:47"
"1003","665","418","2",
"1004","1728","12","1","2024-02-14 01:16:32"
"1005","615","457","1","2024-06-06 02:23:07"
"1006","2127","277","9",
"1007","2887","271","1",
"1008","1171","304","5","2024-09-08 17:29:05"
"1009","1637","441","10","2024-04-21 05:22:27"
"1010","2911","317","4","2024-02-27 01:21:46"
"1011","1853","266","6",
"1012","988","107","1",
"1013","1516","465","3","2024-03-27 17:25:37"
"1014","2314","116","6","2024-04-28 07:50:36"
"1015","1535","151","10","2024-08-18 23:19:22"
"1016","716","62","9",
"1017","1751","199","1",
"1018","1511","329","11",
"1019","2821","53","6",
"1020","2673","370","10","2024-03-21 09:14:07"
"1021","1988","195","10","2024-03-01 17:46:52"
"1022","2479","97","5","2024-04-16 07:03:04"
"1023","2717","377","3","2024-04-19 05:16:19"
"1024","1537","143","4","2024-05-07 17:34:10"
"1025","2752","380","11",
"1026","101","313","9",
"1027","694","419","5","2024-08-16 18:30:44"
"1028","941","330","2","2024-06-22 13:36:42"
"1029","65","421","1",
"1030","2206","116","8","2024-10-24 00:16:27"
"1031","1631","466","3","2024-09-29 15:55:31"
"1032","2920","484","3",
"1033","2977","191","9","2024-10-16 08:20:18"
"1034","2527","483","8","2024-03-11 03:04:38"
"1035","2233","21","7",
"1036","2329","460","8","2024-10-05 09:13:49"
"1037","1049","314","10",
"1038","2421","149","9",
"1039","1951","89","5",
"1040","213","93","6","2024-11-08 19:59:56"
"1041","1752","433","11","2024-07-24 00:51:47"
"1042","826","397","6",
"1043","1127","253","2","2024-09-10 09:49:59"
"1044","189","111","11","2024-04-28 21:52:06"
"1045","1564","320","5","2024-11-17 08:26:09"
"1046","1611","98","8","2024-07-13 09:11:54"
"1047","2370","19","1","2024-05-15 07:08:47"
"1048","768","465","5","2024-05-30 05:53:23"
"1049","2961","208","4",
"1050","2484","434","2",
"1051","2474","14","10","2024-10-03 19:05:07"
"1052","2000","487","3",
"1053","1317","52","9",
"1054","2719","360","2",
"1055","1244","251","9",
"1056","1488","252","2",
"1057","2812","376","2","2024-04-17 17:01:41"
"1058","2995","496","3","2024-04-27 20:58:45"
"1059","1384","273","2",
"1060","974","31","5","2024-10-09 11:38:48"
"1061","1321","431","2","2024-03-02 09:16:33"
"1062","1855","467","4",
"1063","181","334","8",
"1064","697","419","4","2024-11-01 09:48:07"
"1065","2671","70","10","2024-05-14 23:51:46"
"1066","2962","16","6",
"1067","2617","231","4",
"1068","2565","249","4","2024-10-10 18:56:12"
"1069","387","461","11",
"1070","1589","262","8","2024-03-07 02:46:38"
"1071","1086","262","4","2024-01-05 06:11:56"
"1072","1352","7","1","2024-09-16 09:20:44"
"1073","360","282","4","2024-01-24 10:49:59"
"1074","1971","128","8","2024-10-28 12:34:02"
"1075","2893","145","8",
"1076","1853","98","10","2024-10-10 19:22:42"
"1077","461","105","6","2024-04-30 13:42:29"
"1078","1825","197","8","2024-01-05 19:39:28"
"1079","1777","400","1",
"1080","117","263","4","2024-09-18 11:49:01"
"1081","1721","205","11","2024-01-02 04:48:41"
"1082","2466","484","10",
"1083","671","308","10","2024-03-07 00:55:23"
"1084","2195","332","9","2024-01-21 03:50:01"
"1085","2467","86","5",
"1086","913","442","3","2024-10-12 00:33:47"
"1087","1614","304","2",
"1088","560","215","10","2024-09-10 09:19:40"
"1089","1309","283","7","2024-11-16 03:31:00"
"1090","1651","266","7","2024-03-01 19:33:45"
"1091","1088","38","8",
"1092","2969","115","3","2024-01-19 12:59:16"
"1093","2074","471","10","2024-05-24 04:29:24"
"1094","1236","381","8","2024-02-05 22:10:47"
"1095","253","381","7",
"1096","1030","28","7",
"1097","505","21","8","2024-08-04 23:04:11"
"1098","1252","451","2",
"1099","964","219","11","2024-01-17 04:41:22"
"1100","1235","11","5",
"1101","980","57","7",
"1102","2146","222","7","2024-10-07 06:12:05"
"1103","2094","369","10",
"1104","2134","352","7",
"1105","2205","19","2",
"1106","434","363","11","2024-03-06 00:24:03"
"1107","920","224","2","2024-10-03 17:54:48"
"1108","16","36","10","2024-06-26 19:59:20"
"1109","2539","443","1","2024-11-26 05:19:01"
"1110","1533","402","7",
"1111","1905","290","6","2024-08-27 01:08:03"
"1112","1620","25","7","2024-04-07 07:19:07"
"1113","633","100","3",
"1114","212","120","5","2024-11-05 07:02:21"
"1115","2067","499","9",
"1116","484","24","10","2024-01-02 11:52:57"
"1117","2896","498","1","2024-01-21 19:52:16"
"1118","674","164","1",
"1119","2042","16","7","2024-05-30 19:12:35"
"1120","2447","482","8",
"1121","2021","224","7",
"1122","411","298","6","2024-09-30 04:29:03"
"1123","110","141","3","2024-04-23 06:35:49"
"1124","8","142","9",
"1125","752","109","5","2024-07-31 09:58:24"
"1126","2041","415","4","2024-07-13 02:29:15"
"1127","2476","496","5",
"1128","223","57","2","2024-03-31 01:17:32"
"1129","1384","385","4",
"1130","47","324","1","2024-02-10 08:26:04"
"1131","1261","424","6",
"1132","2966","29","7","2024-04-24 11:14:02"
"1133","3","157","8","2024-04-19 14:17:26"
"1134","1260","122","1",
"1135","2362","295","4","2024-03-07 08:10:20"
"1136","1553","415","9","2024-01-01 07:16:27"
"1137","1780","290","7","2024-03-07 12:31:19"
"1138","75","249","9",
"1139","305","165","7",
"1140","2849","346","7","2024-11-28 04:06:11"
"1141","1053","11","9",
"1142","2451","24","5","2024-06-12 14:07:08"
"1143","1243","4","4","2024-10-31 04:53:51"
"1144","172","501","3","2024-09-27 21:27:09"
"1145","1015","21","6","2024-04-24 01:18:22"
"1146","2467","289","9",
"1147","906","139","4",
"1148","960","104","3","2024-06-05 22:39:23"
"1149","30","157","6","2024-10-23 23:34:51"
"1150","747","17","9","2024-07-16 08:35:34"
"1151","243","74","1","2024-08-11 14:38:46"
"1152","2651","236","3",
"1153","1697","68","3","2024-06-03 12:43:02"
"1154","1084","464","9","2024-06-10 01:16:07"
"1155","2754","309","10","2024-09-01 20:00:15"
"1156","2838","216","3",
"1157","2179","321","3","2024-05-04 10:54:06"
"1158","233","216","2","2024-03-21 18:30:45"
"1159","2102","358","3",
"1160","676","496","2",
"1161","621","29","3","2024-06-12 04:53:21"
"1162","2707","215","9","2024-05-03 01:35:15"
"1163","2043","381","7",
"1164","991","396","8",
"1165","1070","247","4","2024-02-10 08:11:59"
"1166","64","394","1","2024-05-06 10:53:15"
"1167","1407","228","3",
"1168","1269","203","7","2024-03-15 14:08:26"
"1169","1693","420","8","2024-05-08 08:11:12"
"1170","2712","196","10",
"1171","1710","358","4",
"1172","377","435","10","2024-07-24 08:24:06"
"1173","1300","28","7",
"1174","973","424","11","2024-05-29 21:46:32"
"1175","2088","295","7","2024-10-22 07:09:42"
"1176","2980","496","6",
"1177","1087","282","11",
"1178","319","56","7","2024-12-01 02:45:43"
"1179","2140","258","1",
"1180","350","2","7","2024-02-26 09:52:32"
"1181","2881","47","2","2024-06-17 07:10:43"
"1182","1033","19","11","2024-08-02 08:17:36"
"1183","250","391","4","2024-07-25 19:18:37"
"1184","2230","412","3",
"1185","985","354","4","2024-05-17 03:20:22"
"1186","1948","363","8",
"1187","423","433","8","2024-05-31 07:51:03"
"1188","2874","249","6",
"1189","1162","139","10","2024-12-04 11:12:47"
"1190","578","379","6","2024-01-23 09:18:08"
"1191","1337","322","4",
"1192","2403","46","3","2024-05-27 18:38:04"
"1193","1158","197","8",
"1194","205","94","1","2024-02-10 14:18:48"
"1195","2816","83","5",
"1196","2905","257","6","2024-01-12 14:13:33"
"1197","2627","362","3","2024-03-25 01:41:27"
"1198","1939","146","1",
"1199","2675","136","6","2024-05-14 13:16:00"
"1200","598","146","3","2024-02-08 03:10:14"
"1201","1492","229","10","2024-02-12 16:06:27"
"1202","2828","110","3",
"1203","1846","142","2","2024-07-01 09:58:36"
"1204","1331","189","7",
"1205","2011","265","10","2024-01-16 23:36:04"
"1206","1","460","5","2024-02-24 02:58:52"
"1207","240","55","11","2024-02-10 20:46:44"
"1208","1409","177","5","2024-11-26 04:53:46"
"1209","606","244","11","2024-05-29 08:37:57"
"1210","1763","463","5",
"1211","1603","200","4",
"1212","1963","194","10",
"1213","2630","104","1",
"1214","336","123","2",
"1215","2791","55","6","2024-08-11 15:08:51"
"1216","1480","116","4","2024-09-23 10:21:44"
"1217","146","287","11","2024-03-19 01:55:56"
"1218","1422","175","3","2024-04-09 05:20:44"
"1219","889","40","11","2024-09-09 00:59:03"
"1220","248","282","4",
"1221","2076","21","7",
"1222","1904","399","7","2024-01-15 04:00:38"
"1223","2658","17","7",
"1224","2298","95","2",
"1225","1791","373","7","2024-04-05 16:30:08"
"1226","2295","353","11",
"1227","1727","384","11","2024-05-05 20:31:14"
"1228","1385","204","8","2024-04-20 00:37:31"
"1229","2262","436","9","2024-08-21 03:10:39"
"1230","1195","268","8","2024-10-25 13:03:31"
"1231","2144","324","4",
"1232","1677","220","5",
"1233","2688","366","4",
"1234","1037","13","5","2024-01-23 21:43:04"
"1235","2427","461","4","2024-10-04 06:14:15"
"1236","797","18","11","2024-07-29 17:53:31"
"1237","48","3","6","2024-10-23 04:48:47"
"1238","2990","464","1",
"1239","329","12","2",
"1240","230","442","10","2024-11-08 22:58:25"
"1241","1788","232","3",
"1242","2407","140","3",
"1243","2683","107","7",
"1244","254","258","9",
"1245","2344","418","2","2024-04-21 14:48:02"
"1246","2668","392","5",
"1247","400","379","10",
"1248","2726","143","10",
"1249","1934","423","4",
"1250","144","4","10",
"1251","1775","491","10",
"1252","39","403","11",
"1253","2055","264","2",
"1254","2714","425","7",
"1255","1090","203","11",
"1256","2666","274","11","2024-07-07 03:16:23"
"1257","1364","69","10",
"1258","478","436","1","2024-01-10 18:43:38"
"1259","1366","28","7",
"1260","166","475","3","2024-06-04 07:17:12"
"1261","1787","319","8","2024-04-18 07:44:05"
"1262","551","272","1","2024-11-04 18:56:30"
"1263","1305","199","3","2024-10-24 10:23:34"
"1264","1820","328","1",
"1265","2097","265","3","2024-06-23 17:49:02"
"1266","604","490","5","2024-07-21 18:14:41"
"1267","2472","144","6","2024-09-06 00:34:23"
"1268","2954","405","2","2024-07-05 02:27:20"
"1269","1194","403","9","2024-11-30 19:12:58"
"1270","2554","234","8",
"1271","2710","137","5",
"1272","1413","463","6",
"1273","1278","452","5","2024-01-24 11:01:14"
"1274","351","183","6",
"1275","754","419","8",
"1276","2986","160","9","2024-04-17 19:42:01"
"1277","2483","338","4","2024-07-05 06:17:26"
"1278","911","495","3",
"1279","148","37","5",
"1280","2177","263","10","2024-02-17 14:33:53"
"1281","260","94","8","2024-01-13 12:51:02"
"1282","2786","111","7",
"1283","1914","141","5","2024-08-21 21:51:33"
"1284","1536","175","7","2024-02-03 17:40:12"
"1285","2495","39","6","2024-07-10 07:27:52"
"1286","1048","244","5","2024-11-20 13:14:27"
"1287","1013","233","5","2024-07-29 14:06:46"
"1288","2620","102","9",
"1289","2608","258","3",
"1290","1818","109","6","2024-01-23 17:56:35"
"1291","2061","112","11","2024-10-22 04:29:08"
"1292","1324","491","1","2024-11-08 20:20:28"
"1293","123","495","2","2024-07-31 11:05:32"
"1294","9","369","1","2024-06-29 23:00:16"
"1295","2253","136","11","2024-07-06 04:43:26"
"1296","552","226","10",
"1297","929","484","7","2024-09-24 19:51:15"
"1298","2271","415","3",
"1299","449","128","4","2024-04-19 18:14:11"
"1300","1268","141","2","2024-06-25 00:36:37"
"1301","1570","72","5",
"1302","2616","156","7","2024-02-03 21:05:00"
"1303","2597","74","7","2024-06-22 07:12:55"
"1304","1598","46","8","2024-03-08 01:41:04"
"1305","2675","261","8",
"1306","739","42","10",
"1307","791","437","1",
"1308","2647","292","6","2024-05-02 07:11:48"
"1309","1902","398","8",
"1310","606","270","6",
"1311","2317","422","9","2024-07-28 07:00:50"
"1312","218","338","5",
"1313","158","471","9",
"1314","2437","66","6","2024-08-04 17:45:33"
"1315","2250","242","11",
"1316","2493","120","10","2024-07-14 14:09:44"
"1317","2058","322","5",
"1318","2942","375","3",
"1319","2802","116","5",
"1320","1540","438","8",
"1321","1619","457","8",
"1322","1265","246","9",
"1323","2605","43","6","2024-07-30 06:13:41"
"1324","2355","108","1",
"1325","1822","361","4","2024-10-19 13:52:07"
"1326","1249","282","2","2024-10-22 21:33:15"
"1327","1921","9","9",
"1328","2022","422","11","2024-09-28 22:59:31"
"1329","1588","144","10","2024-10-30 19:34:40"
"1330","134","415","9",
"1331","2671","495","8","2024-11-30 04:52:37"
"1332","1913","499","2",
"1333","2176","297","1",
"1334","2785","316","3","2024-07-02 21:58:42"
"1335","523","323","10",
"1336","454","91","7",
"1337","2018","171","10","2024-02-13 10:38:03"
"1338","2030","175","11",
"1339","1041","464","5",
"1340","1182","418","6",
"1341","1895","485","1",
"1342","1152","154","8","2024-06-04 05:36:55"
"1343","2318","129","7",
"1344","836","411","10","2024-02-02 23:39:57"
"1345","380","415","5","2024-08-28 06:18:19"
"1346","1493","478","6","2024-01-20 21:01:22"
"1347","787","152","2","2024-03-16 06:52:47"
"1348","475","501","9","2024-01-04 13:07:06"
"1349","1327","115","4",
"1350","1563","118","6",
"1351","1403","157","7","2024-01-19 01:50:40"
"1352","132","205","1",
"1353","2144","162","9",
"1354","130","211","11","2024-08-19 20:59:24"
"1355","537","389","3",
"1356","368","488","10","2024-01-19 15:46:04"
"1357","1607","351","3",
"1358","1838","174","6",
"1359","2998","427","1",
"1360","1857","51","9","2024-07-13 16:12:18"
"1361","1626","50","9","2024-02-11 03:47:22"
"1362","1537","101","3","2024-02-17 21:01:22"
"1363","1077","302","4",
"1364","2337","370","3",
"1365","449","272","7","2024-09-03 18:29:44"
"1366","1168","215","4",
"1367","396","71","10","2024-05-09 08:47:24"
"1368","2955","145","11",
"1369","1363","138","10","2024-07-08 07:22:44"
"1370","304","281","2",
"1371","863","62","6",
"1372","1525","442","6",
"1373","2411","81","3",
"1374","2516","218","3","2024-11-24 14:00:16"
"1375","2289","376","4","2024-05-08 17:56:04"
"1376","1679","232","2","2024-08-14 13:11:19"
"1377","2302","424","6","2024-05-01 10:06:29"
"1378","1212","203","5","2024-09-11 02:05:37"
"1379","980","70","11","2024-04-09 15:54:12"
"1380","1110","450","7","2024-01-09 14:45:36"
"1381","2356","43","9","2024-01-10 18:05:27"
"1382","970","265","8","2024-12-03 23:20:41"
"1383","1141","64","8","2024-01-07 04:01:33"
"1384","1860","386","10","2024-07-04 19:07:28"
"1385","223","296","6","2024-01-27 22:21:11"
"1386","2359","70","5",
"1387","1481","208","3","2024-07-15 18:48:16"
"1388","2824","431","5",
"1389","2411","212","2","2024-11-10 11:56:51"
"1390","550","96","3",
"1391","2922","452","11",
"1392","2199","399","6",
"1393","2714","92","6",
"1394","477","246","8","2024-04-18 11:16:57"
"1395","88","262","2",
"1396","2284","393","2","2024-03-04 04:04:12"
"1397","351","61","2","2024-01-19 03:17:20"
"1398","2452","362","7","2024-02-12 09:29:44"
"1399","1164","483","2","2024-02-17 01:57:49"
"1400","730","259","5",
"1401","1167","108","10","2024-05-22 22:01:52"
"1402","2412","187","6",
"1403","2948","166","4",
"1404","546","406","4","2024-04-25 08:41:15"
"1405","1625","330","5",
"1406","2742","341","10",
"1407","1097","275","6",
"1408","872","325","10","2024-09-02 13:26:59"
"1409","1565","380","11",
"1410","1198","331","1",
"1411","78","468","9",
"1412","901","245","9","2024-09-19 04:08:49"
"1413","2847","96","11","2024-05-08 06:38:52"
"1414","1574","185","9","2024-10-25 16:03:30"
"1415","795","377","5",
"1416","1495","163","7","2024-11-16 01:06:18"
"1417","1914","493","2",
"1418","15","498","1",
"1419","965","324","6","2024-07-29 11:02:36"
"1420","612","380","9","2024-03-02 12:00:43"
"1421","1019","488","7",
"1422","1488","447","8","2024-02-06 18:48:10"
"1423","2168","59","5",
"1424","1747","147","9",
"1425","2365","302","5","2024-07-21 17:14:51"
"1426","989","262","6",
"1427","156","9","4","2024-03-15 19:20:15"
"1428","2707","82","4","2024-11-14 08:05:48"
"1429","2689","26","6",
"1430","2931","399","2","2024-04-10 05:32:07"
"1431","2292","243","6",
"1432","2144","376","9","2024-09-29 10:21:22"
"1433","2120","127","11",
"1434","2429","361","3","2024-05-07 00:20:13"
"1435","1868","91","3",
"1436","805","295","4",
"1437","2053","105","2",
"1438","646","124","3",
"1439","581","223","3","2024-11-22 03:20:33"
"1440","2208","433","1",
"1441","1863","352","8","2024-10-20 00:21:35"
"1442","2216","352","9","2024-03-28 21:17:37"
"1443","1000","311","3","2024-10-10 10:08:21"
"1444","2907","410","9","2024-05-26 08:57:51"
"1445","1891","65","11",
"1446","652","111","9","2024-06-28 06:50:48"
"1447","1582","275","4","2024-07-26 14:13:42"
"1448","1821","431","8",
"1449","410","447","6",
"1450","2052","467","11","2024-03-22 17:21:02"
"1451","2788","448","11",
"1452","2164","494","3","2024-03-04 23:43:47"
"1453","614","288","4",
"1454","2445","455","2",
"1455","164","140","6",
"1456","2538","230","6","2024-09-20 00:17:14"
"1457","392","131","2",
"1458","2421","32","2",
"1459","779","122","2",
"1460","959","34","5",
"1461","190","307","10","2024-11-22 11:03:52"
"1462","2568","242","6","2024-05-11 06:48:37"
"1463","2017","370","4","2024-11-16 15:30:47"
"1464","2836","472","2","2024-06-04 06:54:54"
"1465","854","190","3",
"1466","881","320","4",
"1467","1536","234","4","2024-08-31 10:29:28"
"1468","2862","5","3","2024-07-29 09:06:45"
"1469","1699","104","10",
"1470","1497","425","1",
"1471","1393","377","10","2024-03-15 16:13:27"
"1472","98","258","5","2024-03-09 14:45:46"
"1473","1569","152","3","2024-07-17 19:53:52"
"1474","894","227","4","2024-07-31 20:36:54"
"1475","979","343","10","2024-11-17 02:35:59"
"1476","798","498","4",
"1477","1898","188","1",
"1478","841","178","9",
"1479","160","393","11","2024-07-28 11:49:23"
"1480","2526","133","3",
"1481","1134","213","4",
"1482","1942","443","6","2024-04-19 22:17:02"
"1483","1610","422","2","2024-01-25 14:24:32"
"1484","594","148","10",
"1485","2996","426","10","2024-02-10 01:00:44"
"1486","730","383","10","2024-05-07 23:05:38"
"1487","2252","476","11","2024-09-22 07:03:38"
"1488","1352","4","1","2024-06-29 02:03:11"
"1489","920","27","8",
"1490","123","28","5","2024-09-23 15:05:43"
"1491","1548","283","5",
"1492","2038","68","6","2024-03-22 00:06:08"
"1493","1851","414","1","2024-06-16 03:25:35"
"1494","1658","216","2",
"1495","622","105","5",
"1496","2420","282","5","2024-03-29 17:49:17"
"1497","1590","400","2",
"1498","1267","294","9",
"1499","2031","77","9",
"1500","519","82","8","2024-09-04 23:21:35"
"1501","2849","114","10","2024-01-20 13:30:41"
"1502","1939","345","7","2024-02-16 11:09:30"
"1503","1314","323","1",
"1504","409","26","4","2024-05-15 09:15:29"
"1505","2668","83","6","2024-07-14 05:57:19"
"1506","1685","318","11",
"1507","2377","330","4",
"1508","2433","219","4","2024-03-02 20:08:01"
"1509","2189","374","4",
"1510","2088","160","8","2024-11-23 17:43:03"
"1511","1363","310","1",
"1512","2225","247","1",
"1513","2282","97","10","2024-06-03 20:53:27"
"1514","1327","216","2","2024-02-05 03:54:57"
"1515","1519","495","9",
"1516","1770","405","5","2024-01-16 18:15:12"
"1517","278","10","7","2024-03-05 22:52:10"
"1518","2627","29","9",
"1519","2732","309","8",
"1520","2511","176","8","2024-05-04 15:32:46"
"1521","2708","65","8","2024-06-15 22:21:32"
"1522","2075","8","2","2024-02-23 15:21:21"
"1523","1687","346","9","2024-05-09 23:31:45"
"1524","2183","78","10","2024-11-30 14:06:40"
"1525","178","110","8","2024-01-28 22:59:14"
"1526","2522","187","1","2024-06-21 10:58:56"
"1527","2675","198","10","2024-10-31 17:26:50"
"1528","1341","494","8",
"1529","1587","495","8","2024-11-16 11:47:51"
"1530","773","101","11",
"1531","2899","199","10","2024-09-21 10:43:20"
"1532","521","120","3",
"1533","402","21","6","2024-02-12 13:53:50"
"1534","2563","83","5",
"1535","405","23","2","2024-03-03 12:21:24"
"1536","136","449","11",
"1537","1723","15","8","2024-03-18 00:42:01"
"1538","1684","414","10","2024-11-10 13:37:45"
"1539","2933","288","5","2024-06-04 11:44:10"
"1540","2355","477","8",
"1541","2149","160","9",
"1542","2383","120","7",
"1543","1343","47","6",
"1544","2535","21","7",
"1545","38","428","8",
"1546","412","270","1",
"1547","2148","269","9","2024-10-18 15:21:26"
"1548","1026","448","6","2024-02-17 17:12:37"
"1549","563","92","4","2024-07-12 17:15:02"
"1550","2153","186","10","2024-10-07 19:38:43"
"1551","1618","396","10","2024-08-19 18:48:36"
"1552","312","212","2","2024-11-20 14:46:04"
"1553","644","3","3","2024-10-03 01:05:28"
"1554","2167","335","3",
"1555","637","274","7","2024-03-25 14:47:25"
"1556","1194","265","10","2024-03-07 01:29:36"
"1557","469","422","9",
"1558","1817","351","8",
"1559","1336","462","2","2024-07-05 12:28:33"
"1560","1376","429","8",
"1561","1904","159","4","2024-01-01 10:08:26"
"1562","1833","253","5",
"1563","2436","51","3","2024-08-31 06:08:42"
"1564","2413","71","3","2024-10-04 15:50:20"
"1565","1722","39","8","2024-06-30 21:52:40"
"1566","756","492","5",
"1567","452","397","5",
"1568","1134","5","11",
"1569","324","470","10","2024-08-08 10:03:08"
"1570","435","195","4","2024-01-15 10:16:30"
"1571","1892","51","9",
"1572","1920","421","3",
"1573","2236","193","4","2024-03-26 15:55:26"
"1574","1464","304","2","2024-01-26 13:16:20"
"1575","1413","393","2","2024-05-13 05:18:44"
"1576","2667","54","8","2024-10-16 00:26:48"
"1577","2563","273","7","2024-10-04 01:19:10"
"1578","1910","137","3","2024-01-31 14:37:37"
"1579","1864","395","8",
"1580","1662","203","5",
"1581","2604","381","9",
"1582","1290","9","1",
"1583","1600","112","4","2024-08-02 04:15:26"
"1584","1658","172","1","2024-11-16 07:21:59"
"1585","1881","164","8","2024-03-22 04:43:38"
"1586","807","484","2","2024-03-05 09:55:56"
"1587","98","417","4",
"1588","2524","242","4","2024-12-04 01:49:45"
"1589","1064","132","2","2024-10-13 20:08:48"
"1590","1230","458","2","2024-01-30 02:32:59"
"1591","2772","25","3",
"1592","309","260","4","2024-05-28 18:01:16"
"1593","2880","104","10","2024-10-03 15:43:04"
"1594","514","57","2","2024-02-04 02:17:06"
"1595","550","274","5",
"1596","2762","202","3",
"1597","2708","475","2","2024-09-19 20:10:00"
"1598","2435","120","11","2024-05-17 06:17:14"
"1599","404","279","11","2024-10-22 03:26:32"
"1600","222","179","7","2024-10-02 23:42:54"
"1601","1354","275","7",
"1602","1186","9","2",
"1603","926","423","3","2024-05-29 06:08:32"
"1604","730","26","3","2024-06-20 01:44:12"
"1605","1242","251","2",
"1606","1192","392","6","2024-02-28 05:00:49"
"1607","2313","63","6",
"1608","385","338","4",
"1609","516","349","11","2024-09-03 03:04:00"
"1610","2124","147","5","2024-02-13 21:27:57"
"1611","1752","114","2","2024-04-26 06:26:36"
"1612","887","313","9",
"1613","2725","360","1",
"1614","2403","468","11",
"1615","1126","249","6","2024-04-02 13:02:10"
"1616","1777","462","10","2024-01-03 09:10:42"
"1617","1327","84","7","2024-03-20 12:18:18"
"1618","2341","305","11","2024-05-15 08:47:07"
"1619","1566","95","6",
"1620","1317","325","8","2024-08-14 00:44:01"
"1621","1563","225","1",
"1622","400","404","4",
"1623","1168","179","2","2024-03-12 03:38:52"
"1624","794","44","7","2024-10-06 12:16:57"
"1625","2323","465","1",
"1626","2205","428","6","2024-04-01 07:10:34"
"1627","2588","333","6",
"1628","1714","359","4","2024-01-07 15:51:35"
"1629","2195","238","9","2024-04-14 23:27:00"
"1630","792","247","9",
"1631","596","151","6","2024-01-13 14:21:52"
"1632","2753","335","10","2024-01-18 14:36:02"
"1633","1521","283","4",
"1634","1643","140","5",
"1635","1801","161","6","2024-08-28 10:42:22"
"1636","27","448","2",
"1637","1432","435","4","2024-09-17 07:01:00"
"1638","364","3","6","2024-03-19 01:01:20"
"1639","1719","372","10",
"1640","1205","27","6",
"1641","457","3","7",
"1642","282","166","11",
"1643","2781","251","4",
"1644","2980","330","2","2024-03-13 03:52:29"
"1645","2143","37","11","2024-08-05 14:12:40"
"1646","2659","366","5","2024-09-14 13:40:50"
"1647","1460","71","9","2024-03-20 05:12:47"
"1648","167","215","3",
"1649","209","43","8",
"1650","109","137","8","2024-02-19 03:11:04"
"1651","1883","223","7","2024-01-15 02:51:06"
"1652","2017","47","8",
"1653","1015","20","4",
"1654","380","431","3","2024-07-16 08:39:17"
"1655","1705","247","8","2024-04-03 02:04:47"
"1656","271","208","9",
"1657","2606","293","4",
"1658","2331","260","7","2024-03-26 14:17:56"
"1659","1625","158","9","2024-11-20 09:44:41"
"1660","2983","361","6",
"1661","1148","82","1",
"1662","478","195","11","2024-11-20 11:23:37"
"1663","2470","476","3",
"1664","1301","119","11","2024-04-14 15:18:31"
"1665","174","274","11",
"1666","1849","458","2",
"1667","2346","149","10",
"1668","1387","288","2","2024-04-16 01:15:57"
"1669","1218","15","8","2024-06-25 11:32:22"
"1670","179","446","5",
"1671","2295","290","10",
"1672","549","402","7",
"1673","378","474","7","2024-03-08 13:03:13"
"1674","2753","31","4","2024-08-13 07:09:35"
"1675","2426","347","7","2024-11-30 13:43:37"
"1676","1542","107","5","2024-01-19 12:40:08"
"1677","1134","444","1",
"1678","2753","357","6",
"1679","147","188","3","2024-08-22 17:07:13"
"1680","1841","136","3",
"1681","830","448","4","2024-10-31 20:24:06"
"1682","2980","452","5",
"1683","1339","133","8","2024-10-12 19:31:51"
"1684","2498","170","11","2024-06-07 06:54:51"
"1685","2356","371","7","2024-04-18 16:29:11"
"1686","2504","92","9","2024-05-25 02:55:19"
"1687","1599","30","10",
"1688","1038","37","2",
"1689","2233","184","4","2024-09-12 10:47:59"
"1690","346","256","9",
"1691","2922","234","2",
"1692","34","34","10","2024-08-14 11:11:17"
"1693","2172","102","6","2024-09-08 13:51:07"
"1694","2905","44","9","2024-02-23 01:57:41"
"1695","851","142","11","2024-01-31 23:34:04"
"1696","2425","235","6",
"1697","2856","8","11","2024-01-13 20:26:19"
"1698","2942","379","4",
"1699","2096","252","3",
"1700","196","258","4",
"1701","79","327","2","2024-06-23 04:36:42"
"1702","473","369","8",
"1703","1701","94","2","2024-09-29 12:47:03"
"1704","2012","115","8",
"1705","376","312","5",
"1706","356","449","10",
"1707","347","174","10","2024-10-26 20:53:40"
"1708","2941","314","8",
"1709","2188","38","11","2024-08-06 23:55:50"
"1710","2614","216","2",
"1711","2450","100","2",
"1712","1931","56","10","2024-11-26 06:33:08"
"1713","2961","271","1","2024-05-15 06:52:51"
"1714","2311","216","10",
"1715","930","401","3","2024-01-24 12:31:50"
"1716","2549","229","1",
"1717","1741","453","11",
"1718","2356","232","10",
"1719","2545","180","7",
"1720","2227","167","2",
"1721","1757","355","7","2024-04-18 00:42:15"
"1722","1471","416","5",
"1723","81","242","10",
"1724","568","378","6",
"1725","72","447","10","2024-10-28 15:54:37"
"1726","1644","391","8","2024-07-16 13:19:43"
"1727","482","374","6","2024-10-31 19:10:09"
"1728","2917","98","7",
"1729","2452","443","6",
"1730","2192","426","5","2024-11-27 11:07:03"
"1731","679","355","2","2024-11-16 00:35:53"
"1732","1891","450","6",
"1733","298","460","4",
"1734","173","75","8","2024-11-19 01:59:19"
"1735","1823","258","9",
"1736","1786","48","10","2024-04-15 00:39:11"
"1737","2201","106","10",
"1738","829","45","6",
"1739","1843","480","1",
"1740","920","227","5",
"1741","597","334","4","2024-11-30 08:44:15"
"1742","780","461","11","2024-03-26 18:41:54"
"1743","2214","257","9",
"1744","1734","392","6","2024-10-23 22:06:33"
"1745","2606","132","8","2024-03-16 14:51:47"
"1746","2681","246","2","2024-06-16 04:40:36"
"1747","1545","273","6","2024-12-02 22:39:32"
"1748","1876","364","5","2024-03-09 20:28:16"
"1749","204","263","3","2024-04-14 20:30:26"
"1750","572","134","3",
"1751","298","488","2",
"1752","1032","278","5",
"1753","657","34","7","2024-08-19 00:18:41"
"1754","2945","192","4","2024-02-06 03:50:47"
"1755","1451","119","1",
"1756","2011","43","10",
"1757","713","22","6",
"1758","1568","233","6",
"1759","635","100","10",
"1760","644","372","2","2024-05-24 13:44:30"
"1761","2744","360","7",
"1762","2486","378","11","2024-01-09 06:09:07"
"1763","2370","469","8",
"1764","1247","85","11",
"1765","442","390","8",
"1766","1421","307","8",
"1767","1352","218","6","2024-11-20 20:22:02"
"1768","1882","220","3",
"1769","1082","378","3","2024-05-21 17:42:16"
"1770","316","217","1","2024-09-15 23:10:31"
"1771","1500","125","1",
"1772","1396","98","11",
"1773","2543","7","3",
"1774","2985","374","3",
"1775","367","462","4",
"1776","2563","56","10",
"1777","2147","483","4","2024-08-01 23:47:33"
"1778","1192","248","4",
"1779","2665","123","10","2024-12-02 04:29:25"
"1780","634","321","10","2024-01-28 05:12:29"
"1781","473","113","2",
"1782","148","88","2",
"1783","1589","431","8",
"1784","2161","370","1",
"1785","578","324","2","2024-05-22 20:52:42"
"1786","1366","95","5",
"1787","745","138","10","2024-06-13 09:16:37"
"1788","695","281","11","2024-02-12 04:15:52"
"1789","237","407","11",
"1790","1831","202","11","2024-10-14 10:13:22"
"1791","1514","386","2",
"1792","873","186","11","2024-02-13 02:51:45"
"1793","2015","166","6","2024-06-29 05:03:48"
"1794","2971","222","5",
"1795","535","89","11","2024-09-18 19:40:28"
"1796","2902","130","10",
"1797","294","22","8","2024-07-15 18:55:46"
"1798","2872","22","4","2024-02-05 18:59:41"
"1799","2502","49","8","2024-10-19 14:40:57"
"1800","1969","400","10","2024-09-07 08:00:15"
"1801","2656","408","6","2024-07-07 01:38:42"
"1802","2788","356","8","2024-06-03 11:58:55"
"1803","2827","480","9",
"1804","358","66","4","2024-11-05 20:43:49"
"1805","1020","235","7","2024-08-21 12:05:23"
"1806","904","146","11",
"1807","2787","292","6",
"1808","2425","84","3",
"1809","1113","498","7",
"1810","492","449","4",
"1811","913","28","3","2024-08-16 06:29:57"
"1812","2658","345","5",
"1813","881","117","7","2024-11-26 02:36:32"
"1814","558","196","3",
"1815","432","19","6",
"1816","488","88","7","2024-08-03 16:25:22"
"1817","2956","327","4","2024-05-14 14:53:30"
"1818","725","185","5",
"1819","2335","94","5","2024-02-11 20:18:22"
"1820","1009","31","10",
"1821","222","92","10","2024-10-25 20:09:33"
"1822","509","62","3",
"1823","2238","189","6","2024-05-15 14:59:32"
"1824","1858","40","8","2024-01-02 04:59:03"
"1825","218","77","10",
"1826","46","291","8",
"1827","1378","174","9","2024-10-17 05:01:08"
"1828","1305","124","7",
"1829","480","81","8","2024-06-12 11:30:00"
"1830","2690","184","7",
"1831","2560","169","3",
"1832","466","265","2",
"1833","1419","155","6","2024-03-14 08:24:29"
"1834","523","361","2",
"1835","588","100","2",
"1836","749","493","4","2024-01-07 06:02:16"
"1837","1589","342","1","2024-07-30 18:37:15"
"1838","564","131","11",
"1839","958","358","9",
"1840","2472","490","7",
"1841","470","478","2","2024-10-18 05:09:35"
"1842","744","389","8",
"1843","126","458","11","2024-01-28 11:24:53"
"1844","711","52","7","2024-01-02 04:43:52"
"1845","203","192","8","2024-12-03 13:57:52"
"1846","2360","401","8",
"1847","394","83","2","2024-04-20 11:54:40"
"1848","2184","478","4","2024-10-14 07:50:45"
"1849","1164","219","8","2024-07-31 21:49:14"
"1850","2108","464","2","2024-01-13 06:22:27"
"1851","2157","439","9","2024-06-18 20:17:05"
"1852","1030","312","8",
"1853","464","156","9",
"1854","1971","359","4",
"1855","1394","296","5",
"1856","2847","290","2","2024-09-21 07:45:44"
"1857","401","413","7","2024-02-29 08:14:18"
"1858","1356","157","1","2024-02-08 03:47:29"
"1859","2392","369","8","2024-11-29 02:33:08"
"1860","1125","40","9",
"1861","797","134","5",
"1862","1925","380","1","2024-11-28 04:00:26"
"1863","1903","154","11",
"1864","1883","332","9",
"1865","182","384","3",
"1866","39","343","5","2024-05-11 18:23:15"
"1867","1697","389","11",
"1868","1661","361","3","2024-01-06 03:11:10"
"1869","1836","25","3",
"1870","1788","181","4",
"1871","594","10","7","2024-05-04 13:40:32"
"1872","2410","315","5","2024-06-09 21:05:49"
"1873","392","130","1",
"1874","2812","11","5","2024-09-10 19:02:30"
"1875","2409","470","3","2024-07-07 12:05:33"
"1876","764","151","11",
"1877","1326","303","10","2024-11-24 18:17:07"
"1878","2045","495","3","2024-10-09 10:02:41"
"1879","843","468","11",
"1880","492","179","5","2024-07-04 02:48:53"
"1881","1002","7","10","2024-02-03 13:41:15"
"1882","1922","155","2","2024-10-21 20:07:43"
"1883","2247","324","5",
"1884","2767","386","6",
"1885","2372","387","4",
"1886","1991","488","1",
"1887","1734","334","2",
"1888","652","239","6",
"1889","1657","472","7","2024-07-19 06:49:31"
"1890","266","295","5",
"1891","1656","398","3","2024-07-06 04:26:08"
"1892","335","75","9","2024-02-09 06:03:26"
"1893","2435","434","3","2024-07-20 05:07:05"
"1894","2716","87","9","2024-08-15 19:09:25"
"1895","1302","10","6","2024-03-27 13:03:32"
"1896","924","136","11","2024-08-31 20:35:03"
"1897","1502","220","6","2024-07-18 18:13:25"
"1898","2747","443","9",
"1899","1336","335","11","2024-03-07 08:56:45"
"1900","2237","464","4",
"1901","47","84","5",
"1902","562","412","10",
"1903","485","382","10","2024-03-31 18:50:40"
"1904","997","50","4","2024-09-02 02:18:31"
"1905","420","188","8","2024-07-21 05:26:53"
"1906","239","414","2",
"1907","811","431","4",
"1908","1504","484","11","2024-03-05 18:39:42"
"1909","2718","131","10",
"1910","1446","394","6","2024-10-08 16:18:45"
"1911","1328","400","5","2024-06-10 04:26:09"
"1912","1355","314","3","2024-10-12 04:05:31"
"1913","181","387","6","2024-05-10 07:32:25"
"1914","2463","190","11",
"1915","954","43","9",
"1916","2495","219","1",
"1917","2313","59","10",
"1918","718","344","7","2024-11-30 20:25:55"
"1919","1265","376","8",
"1920","1993","283","1",
"1921","1785","31","7",
"1922","2135","318","9",
"1923","1785","143","4",
"1924","2248","109","7","2024-03-29 09:42:44"
"1925","2256","371","1","2024-08-03 09:07:20"
"1926","2255","180","11",
"1927","2879","384","3",
"1928","2049","470","9",
"1929","793","190","4","2024-11-05 23:11:31"
"1930","1091","494","10","2024-01-06 06:09:01"
"1931","1345","106","10","2024-09-22 23:29:42"
"1932","719","6","2",
"1933","609","274","2",
"1934","1323","215","11","2024-09-09 15:05:45"
"1935","1852","48","8",
"1936","947","57","6","2024-07-07 03:27:37"
"1937","2981","296","7","2024-10-05 15:33:04"
"1938","1002","301","8",
"1939","292","425","6",
"1940","2753","501","10",
"1941","2703","233","7","2024-08-09 00:23:14"
"1942","2552","91","11","2024-07-28 01:43:25"
"1943","1200","350","4","2024-07-24 11:28:01"
"1944","1091","126","3",
"1945","1926","53","10","2024-02-09 05:34:57"
"1946","716","257","9",
"1947","2174","14","8","2024-09-23 04:39:15"
"1948","557","351","11","2024-10-28 17:23:31"
"1949","2324","435","11",
"1950","2919","282","11","2024-11-18 08:36:27"
"1951","2571","469","1",
"1952","835","444","7","2024-04-16 07:57:12"
"1953","2779","377","8","2024-12-03 16:05:54"
"1954","2704","369","9","2024-03-27 19:23:25"
"1955","2934","268","5",
"1956","2870","409","8","2024-03-14 08:29:27"
"1957","2246","74","7",
"1958","662","176","6",
"1959","2708","24","9","2024-05-29 01:40:56"
"1960","1678","341","4","2024-04-17 14:23:44"
"1961","1240","480","8",
"1962","2394","360","3","2024-06-14 18:18:23"
"1963","1076","151","3",
"1964","2992","493","4","2024-08-07 06:11:59"
"1965","2633","429","5","2024-07-23 17:46:20"
"1966","696","333","4","2024-06-25 03:21:20"
"1967","2706","379","8","2024-01-11 06:11:13"
"1968","365","44","1",
"1969","1045","47","3",
"1970","2197","249","6",
"1971","2695","7","10","2024-03-22 00:30:11"
"1972","1028","183","2","2024-01-17 05:38:29"
"1973","2823","236","4","2024-01-20 18:58:45"
"1974","1798","73","2","2024-03-04 11:29:04"
"1975","1676","290","2","2024-02-20 09:10:14"
"1976","1016","60","11","2024-04-24 16:34:57"
"1977","402","296","11",
"1978","2183","162","2",
"1979","803","473","3","2024-04-15 10:53:26"
"1980","2629","295","4","2024-04-12 20:55:33"
"1981","1967","328","5",
"1982","601","380","10","2024-04-24 04:21:08"
"1983","1646","100","1",
"1984","767","77","11",
"1985","1401","154","2","2024-03-09 09:07:05"
"1986","1609","257","9",
"1987","908","183","5","2024-08-06 20:24:29"
"1988","1664","325","6","2024-10-16 19:45:36"
"1989","1837","205","11",
"1990","1046","239","4",
"1991","414","277","2","2024-01-01 15:24:03"
"1992","2409","410","4",
"1993","501","310","3",
"1994","330","316","11","2024-08-25 21:59:47"
"1995","2073","410","10",
"1996","1916","448","6","2024-09-14 04:09:04"
"1997","1502","120","9","2024-02-16 05:09:40"
"1998","53","71","6","2024-03-24 14:55:04"
"1999","1236","236","10",
"2000","811","303","11","2024-11-23 18:52:42"
"2001","2304","342","8",
"2002","2630","250","4","2024-07-02 04:39:36"
"2003","883","484","6","2024-02-07 13:32:49"
"2004","790","347","2","2024-11-17 13:09:57"
"2005","2919","285","2","2024-09-06 17:53:43"
"2006","1898","350","7",
"2007","1419","80","8","2024-02-14 15:40:30"
"2008","898","52","4","2024-06-24 16:28:54"
"2009","1022","335","7",
"2010","2567","338","4",
"2011","31","426","11","2024-08-26 04:14:50"
"2012","780","214","1","2024-04-06 06:44:40"
"2013","1057","92","11",
"2014","31","80","6","2024-09-14 06:49:43"
"2015","1827","349","3",
"2016","1965","60","10","2024-05-24 10:23:50"
"2017","1712","451","2",
"2018","2226","376","11",
"2019","2086","168","3","2024-05-04 06:23:43"
"2020","2171","496","10",
"2021","1881","476","5","2024-07-17 14:50:20"
"2022","1947","354","4","2024-06-21 17:28:30"
"2023","2448","373","5",
"2024","1263","209","1","2024-11-14 01:07:34"
"2025","1363","439","8",
"2026","20","6","6",
"2027","1124","243","9","2024-02-24 04:05:15"
"2028","1861","197","7","2024-06-16 16:09:10"
"2029","86","406","11","2024-11-16 09:46:30"
"2030","2912","414","1","2024-02-16 04:53:53"
"2031","2123","165","2",
"2032","917","151","1","2024-06-02 18:02:36"
"2033","781","41","9",
"2034","981","299","9","2024-01-18 23:48:39"
"2035","774","205","9","2024-10-29 21:31:05"
"2036","1838","93","3",
"2037","1458","127","7","2024-04-22 04:18:42"
"2038","2936","267","5","2024-06-09 08:20:15"
"2039","1422","140","7",
"2040","2182","458","8",
"2041","2321","75","9",
"2042","2046","183","9","2024-05-24 11:07:23"
"2043","375","392","5",
"2044","1537","163","9","2024-07-16 19:03:56"
"2045","1915","494","7",
"2046","1900","183","4",
"2047","873","393","11",
"2048","2713","103","1","2024-02-01 07:41:01"
"2049","2650","204","1",
"2050","2117","366","10",
"2051","2500","423","9",
"2052","2111","498","5",
"2053","2653","417","11",
"2054","2774","247","8",
"2055","1572","489","8",
"2056","2290","344","2",
"2057","1676","358","3",
"2058","2373","430","5",
"2059","2088","313","6","2024-11-21 20:09:27"
"2060","1042","112","4",
"2061","1821","79","9","2024-05-27 05:06:13"
"2062","1477","19","5",
"2063","2356","54","7","2024-07-07 09:28:15"
"2064","1610","199","2",
"2065","1828","234","5",
"2066","2057","27","5","2024-08-11 12:44:46"
"2067","622","48","7","2024-07-31 03:57:37"
"2068","122","151","6",
"2069","1250","61","11",
"2070","1722","16","8","2024-11-09 00:00:53"
"2071","852","367","4",
"2072","214","404","6","2024-10-12 02:32:47"
"2073","1265","459","8",
"2074","1358","449","9",
"2075","1365","190","3","2024-09-14 17:56:55"
"2076","1329","424","8","2024-06-13 11:59:25"
"2077","2081","332","2",
"2078","1552","463","9","2024-11-16 19:09:45"
"2079","1354","265","3",
"2080","2302","361","6",
"2081","1210","380","10","2024-02-22 02:52:18"
"2082","402","161","7","2024-01-13 04:17:02"
"2083","2357","122","7",
"2084","2392","17","3","2024-09-23 03:21:23"
"2085","2075","467","7",
"2086","1504","397","11",
"2087","2798","407","4",
"2088","872","116","9","2024-01-08 02:42:28"
"2089","2320","455","8",
"2090","23","181","10","2024-06-06 07:41:52"
"2091","1229","103","8","2024-01-10 16:26:02"
"2092","1580","498","8",
"2093","2021","151","11","2024-10-15 16:44:00"
"2094","472","249","10","2024-09-24 10:04:54"
"2095","1794","83","6","2024-10-13 13:00:58"
"2096","1791","127","3","2024-07-01 08:48:35"
"2097","542","4","9",
"2098","2857","382","10","2024-03-05 07:30:22"
"2099","1441","320","7",
"2100","1402","357","10",
"2101","1794","163","10",
"2102","1384","468","3","2024-10-18 12:43:08"
"2103","1405","370","2","2024-04-15 00:48:02"
"2104","795","151","10","2024-07-10 05:00:39"
"2105","179","257","4",
"2106","1850","398","3","2024-10-12 10:32:01"
"2107","1966","308","5",
"2108","2850","436","2",
"2109","619","243","10","2024-05-02 23:52:38"
"2110","1450","73","6","2024-02-17 09:01:27"
"2111","1101","210","10","2024-07-14 23:17:27"
"2112","1258","274","1",
"2113","1546","393","2","2024-05-09 20:09:09"
"2114","2827","224","3","2024-09-09 03:05:04"
"2115","2927","151","6","2024-03-07 19:10:09"
"2116","1982","290","2","2024-05-20 15:51:02"
"2117","1246","222","9","2024-06-08 22:55:41"
"2118","1432","427","3","2024-04-15 02:03:47"
"2119","2416","467","1","2024-04-14 13:11:14"
"2120","80","15","9",
"2121","1638","212","10",
"2122","683","359","11",
"2123","1169","112","3",
"2124","1162","284","5","2024-08-30 03:45:11"
"2125","652","162","1","2024-01-09 18:50:40"
"2126","1543","168","7","2024-08-26 11:12:03"
"2127","395","466","1",
"2128","2697","436","1",
"2129","2283","420","4",
"2130","1020","448","11","2024-11-16 07:41:25"
"2131","1876","296","8","2024-11-07 07:53:37"
"2132","2919","442","3",
"2133","2202","278","9",
"2134","192","19","3",
"2135","1618","451","6","2024-08-03 07:11:41"
"2136","1436","109","8",
"2137","303","118","3",
"2138","1414","44","11",
"2139","2081","360","6","2024-10-05 21:29:13"
"2140","1013","24","9",
"2141","2592","42","8",
"2142","2414","150","5","2024-08-26 13:10:04"
"2143","952","217","10","2024-04-11 08:27:16"
"2144","2511","150","4","2024-03-05 16:52:02"
"2145","2217","424","6",
"2146","406","131","8",
"2147","2284","403","11","2024-06-24 15:53:07"
"2148","562","384","4","2024-10-21 11:26:46"
"2149","1288","478","8","2024-07-02 05:15:17"
"2150","38","485","4","2024-11-07 19:35:40"
"2151","775","103","7","2024-04-21 07:36:20"
"2152","2800","114","5","2024-09-08 09:35:34"
"2153","1973","174","2",
"2154","1869","328","5",
"2155","1070","324","8",
"2156","451","463","9",
"2157","176","85","2",
"2158","892","487","8",
"2159","2752","88","11",
"2160","2857","244","4",
"2161","1805","363","11","2024-06-24 04:27:39"
"2162","2680","13","3","2024-05-31 10:04:55"
"2163","2408","309","3",
"2164","2704","283","6","2024-05-19 09:06:13"
"2165","238","261","9",
"2166","1971","481","11","2024-10-22 00:21:28"
"2167","718","464","4","2024-08-13 21:40:59"
"2168","1310","275","7",
"2169","2108","117","10",
"2170","1756","115","5","2024-12-03 10:26:08"
"2171","2844","358","9",
"2172","386","7","10",
"2173","1115","464","11",
"2174","1711","12","1",
"2175","276","62","7","2024-05-02 11:44:12"
"2176","2513","181","2","2024-09-05 19:49:59"
"2177","2606","130","1","2024-02-22 02:47:47"
"2178","1726","297","11",
"2179","944","314","6","2024-10-17 16:33:04"
"2180","83","133","3","2024-01-26 20:25:21"
"2181","1806","202","11",
"2182","2864","104","5","2024-12-01 18:35:02"
"2183","1280","154","8",
"2184","2499","11","9",
"2185","947","195","8","2024-03-02 04:02:13"
"2186","401","473","4",
"2187","2304","191","2","2024-10-30 13:34:39"
"2188","1157","344","3",
"2189","25","20","1",
"2190","926","97","5","2024-10-01 06:29:42"
"2191","682","469","2",
"2192","2806","186","2","2024-09-14 07:20:30"
"2193","2380","500","6",
"2194","2447","359","3",
"2195","812","470","6","2024-02-06 21:56:36"
"2196","209","393","4",
"2197","1012","26","8","2024-09-18 22:45:59"
"2198","516","469","9","2024-02-02 10:05:41"
"2199","2359","65","2","2024-03-29 06:32:33"
"2200","2118","457","2",
"2201","2202","498","3","2024-04-01 03:08:10"
"2202","2486","186","3",
"2203","451","184","9",
"2204","2338","113","5",
"2205","279","432","9",
"2206","2431","474","11","2024-03-17 22:55:21"
"2207","208","385","3","2024-01-22 21:40:01"
"2208","2352","371","10","2024-03-31 06:16:13"
"2209","123","47","9","2024-10-18 23:05:35"
"2210","1895","317","5",
"2211","2639","283","5",
"2212","868","95","10",
"2213","2913","423","2","2024-05-27 17:03:19"
"2214","531","213","7",
"2215","414","427","6","2024-08-09 19:51:07"
"2216","2517","29","11","2024-11-24 22:53:20"
"2217","1703","273","10",
"2218","2696","70","6","2024-08-23 00:14:06"
"2219","274","164","9","2024-04-12 23:24:10"
"2220","1522","150","9",
"2221","462","495","10","2024-04-28 06:39:09"
"2222","730","120","11","2024-07-29 21:41:21"
"2223","139","81","3",
"2224","514","401","4","2024-06-17 08:18:49"
"2225","299","480","7",
"2226","65","64","9","2024-03-02 20:24:09"
"2227","254","34","6","2024-07-02 16:50:55"
"2228","1823","391","1",
"2229","2932","170","2","2024-04-22 16:56:58"
"2230","421","203","10",
"2231","2777","473","7",
"2232","2834","335","2","2024-04-25 01:48:42"
"2233","1143","461","1",
"2234","2865","484","4","2024-08-16 16:55:38"
"2235","2978","419","8","2024-08-12 22:58:56"
"2236","2672","361","8",
"2237","160","293","4",
"2238","1567","58","11","2024-07-24 14:25:53"
"2239","2934","65","8",
"2240","613","103","9","2024-04-04 23:47:15"
"2241","741","331","11","2024-03-12 08:37:04"
"2242","1558","418","9","2024-06-30 15:19:36"
"2243","977","237","1","2024-08-03 16:49:33"
"2244","1570","54","7","2024-01-11 02:30:30"
"2245","73","10","1",
"2246","2382","20","6",
"2247","2690","376","7","2024-04-17 08:34:23"
"2248","1044","302","10","2024-03-23 02:02:33"
"2249","382","399","6","2024-08-01 14:21:19"
"2250","1838","295","5",
"2251","1911","337","7",
"2252","267","101","5",
"2253","1583","13","4",
"2254","585","85","3",
"2255","1869","499","5",
"2256","2238","358","8",
"2257","174","363","4",
"2258","1301","125","10","2024-02-29 12:23:54"
"2259","677","428","2",
"2260","1795","308","11",
"2261","1014","132","1","2024-02-05 10:08:21"
"2262","1648","469","3","2024-07-09 15:12:38"
"2263","557","359","10",
"2264","823","87","3","2024-09-15 15:16:20"
"2265","260","372","7",
"2266","1191","14","4","2024-07-17 13:46:29"
"2267","2019","371","2",
"2268","1925","295","6",
"2269","2635","207","3","2024-05-03 16:04:14"
"2270","2866","209","9",
"2271","440","3","1","2024-11-17 19:54:30"
"2272","192","143","1",
"2273","264","317","1","2024-01-01 04:03:42"
"2274","2951","92","10","2024-04-16 22:17:22"
"2275","2294","7","10","2024-07-08 00:05:57"
"2276","881","277","1",
"2277","1165","152","11",
"2278","2056","269","1","2024-01-10 03:02:46"
"2279","2217","52","7","2024-02-25 04:46:10"
"2280","1645","110","9",
"2281","544","175","4","2024-11-28 22:52:09"
"2282","1838","45","10",
"2283","2264","286","5",
"2284","2004","457","11","2024-03-29 05:59:01"
"2285","2653","303","2","2024-01-28 11:29:51"
"2286","2445","280","7",
"2287","1876","146","7",
"2288","177","191","6","2024-11-05 06:18:36"
"2289","1274","6","7",
"2290","334","48","5",
"2291","2388","214","11",
"2292","660","68","5","2024-09-01 08:08:11"
"2293","2125","207","1","2024-04-25 03:24:52"
"2294","512","362","9","2024-09-12 20:37:22"
"2295","2118","499","8","2024-03-02 11:23:55"
"2296","450","180","6",
"2297","2625","87","3","2024-04-22 12:31:04"
"2298","2448","349","3",
"2299","2221","165","1",
"2300","458","244","11",
"2301","1099","34","7",
"2302","2674","500","7",
"2303","1144","41","8","2024-07-15 06:20:44"
"2304","800","283","3",
"2305","2805","1","9","2024-01-08 16:22:00"
"2306","2048","213","9",
"2307","1082","84","7","2024-05-10 12:57:52"
"2308","547","255","2",
"2309","2836","354","1",
"2310","2881","235","2","2024-11-29 09:15:00"
"2311","871","108","10","2024-04-29 11:13:31"
"2312","2961","127","1","2024-06-19 21:07:20"
"2313","1221","96","3","2024-05-06 21:50:07"
"2314","1555","72","6",
"2315","2493","389","4","2024-10-27 06:49:09"
"2316","699","497","3",
"2317","2258","490","5","2024-09-30 01:27:23"
"2318","1352","97","2",
"2319","1960","268","4",
"2320","1475","29","6","2024-07-30 09:52:15"
"2321","2514","53","11","2024-12-04 12:52:07"
"2322","2261","167","11","2024-07-20 00:49:23"
"2323","1638","277","5","2024-07-31 22:52:32"
"2324","1135","15","10","2024-06-14 21:42:03"
"2325","2430","291","5",
"2326","2074","64","8","2024-06-20 21:47:23"
"2327","1562","229","6",
"2328","686","170","3",
"2329","1768","472","7","2024-02-16 16:57:15"
"2330","1018","399","5",
"2331","44","303","3","2024-07-11 11:02:53"
"2332","2022","41","10","2024-06-13 04:13:14"
"2333","883","177","1","2024-01-04 23:30:31"
"2334","2632","159","2",
"2335","1914","303","2",
"2336","2789","435","2",
"2337","335","447","8","2024-09-05 15:37:50"
"2338","2003","133","6",
"2339","2041","367","11",
"2340","2559","426","5","2024-09-14 08:20:52"
"2341","1041","123","6","2024-04-09 11:37:38"
"2342","2860","404","2",
"2343","528","60","6",
"2344","358","132","7","2024-11-16 10:13:54"
"2345","843","23","11","2024-08-31 04:48:30"
"2346","2288","147","5",
"2347","1650","211","11","2024-11-27 22:59:08"
"2348","695","393","3",
"2349","1126","390","5",
"2350","1749","222","9",
"2351","451","278","6","2024-10-26 11:17:00"
"2352","2415","11","6",
"2353","1722","314","7",
"2354","2794","160","5","2024-01-13 02:30:26"
"2355","761","121","6","2024-05-10 03:04:12"
"2356","518","424","2",
"2357","776","203","8","2024-09-22 04:24:24"
"2358","1631","109","11",
"2359","166","7","7",
"2360","351","453","5","2024-07-17 23:05:37"
"2361","837","300","9",
"2362","485","185","4","2024-08-20 10:59:45"
"2363","991","126","10","2024-08-02 02:51:52"
"2364","1726","266","2",
"2365","2849","317","2",
"2366","2968","59","2","2024-08-23 20:59:53"
"2367","1","152","3",
"2368","1569","368","11",
"2369","1780","200","9",
"2370","1097","1","4","2024-11-05 07:30:19"
"2371","1584","71","8","2024-07-15 21:42:06"
"2372","280","198","11","2024-11-01 19:54:33"
"2373","1242","296","1",
"2374","2278","430","4",
"2375","2538","454","3",
"2376","1644","423","9",
"2377","1779","369","3","2024-01-13 04:02:03"
"2378","116","287","10",
"2379","2060","176","6","2024-01-06 11:34:16"
"2380","1643","406","3",
"2381","285","477","2","2024-08-09 15:47:01"
"2382","2792","357","6",
"2383","1020","82","3","2024-09-22 17:58:59"
"2384","1789","35","2",
"2385","2398","304","6","2024-06-28 23:11:32"
"2386","202","376","1",
"2387","473","261","10","2024-04-23 13:52:06"
"2388","1914","308","11",
"2389","1819","272","7","2024-03-13 11:29:41"
"2390","2492","473","9",
"2391","2372","361","6",
"2392","2662","185","7","2024-10-07 06:46:03"
"2393","976","274","9",
"2394","994","486","11",
"2395","2936","204","8",
"2396","659","298","8",
"2397","1295","38","10","2024-04-24 18:57:17"
"2398","2325","483","8","2024-06-14 16:49:21"
"2399","763","30","11","2024-06-12 22:26:39"
"2400","487","91","8",
"2401","2256","269","4",
"2402","63","13","9",
"2403","782","454","11",
"2404","1501","344","10","2024-02-17 10:20:21"
"2405","415","52","9","2024-01-21 20:27:49"
"2406","2689","123","1","2024-05-20 01:18:34"
"2407","2830","53","4",
"2408","2072","208","8","2024-07-25 15:55:58"
"2409","2585","244","3",
"2410","988","422","4","2024-09-22 08:30:30"
"2411","2911","4","2",
"2412","2703","340","3","2024-02-01 20:31:08"
"2413","1747","309","4",
"2414","2966","59","7",
"2415","286","218","2",
"2416","450","448","10",
"2417","1606","193","2",
"2418","1900","129","9",
"2419","488","349","8",
"2420","1797","103","7",
"2421","1117","245","11","2024-10-26 09:39:09"
"2422","1945","138","9","2024-03-13 22:58:07"
"2423","2620","378","10",
"2424","813","21","9",
"2425","973","220","9",
"2426","1456","272","10",
"2427","131","237","4","2024-06-04 09:30:37"
"2428","693","154","10",
"2429","201","361","3",
"2430","1690","149","11","2024-08-28 11:42:24"
"2431","615","382","2",
"2432","2767","356","10",
"2433","2229","467","6","2024-08-10 05:23:41"
"2434","1638","449","8",
"2435","818","211","1","2024-12-04 14:06:55"
"2436","1312","245","11","2024-02-11 07:53:23"
"2437","2748","292","8",
"2438","1498","127","11","2024-04-26 19:20:14"
"2439","350","300","11",
"2440","2662","153","10",
"2441","1889","326","6","2024-07-20 23:20:27"
"2442","1106","135","10","2024-05-18 11:19:29"
"2443","2831","438","4","2024-03-05 04:18:49"
"2444","1701","215","8",
"2445","2210","453","6",
"2446","1084","174","9",
"2447","2546","361","4",
"2448","1320","205","6","2024-11-04 18:39:26"
"2449","1372","248","5","2024-03-03 21:19:14"
"2450","2675","154","8","2024-02-21 22:02:59"
"2451","2291","292","2","2024-02-14 13:07:28"
"2452","681","373","6","2024-07-12 11:26:30"
"2453","2694","144","1",
"2454","2801","499","6",
"2455","2866","226","4",
"2456","1498","217","9",
"2457","1208","500","5","2024-06-16 23:12:36"
"2458","2294","48","4",
"2459","354","235","7","2024-01-15 01:41:36"
"2460","2878","485","4",
"2461","1903","375","10",
"2462","2826","141","11","2024-04-29 09:40:06"
"2463","477","303","5",
"2464","2635","369","9",
"2465","915","283","3","2024-02-11 04:10:48"
"2466","2972","498","5","2024-01-24 06:04:47"
"2467","1150","461","2",
"2468","2431","182","3","2024-03-16 16:08:47"
"2469","23","467","2",
"2470","274","157","9",
"2471","1859","265","3",
"2472","2427","196","7",
"2473","2832","492","9",
"2474","68","161","8","2024-04-24 04:31:48"
"2475","2568","259","5","2024-09-05 22:45:42"
"2476","1018","118","8","2024-04-15 10:22:22"
"2477","362","197","1","2024-11-24 07:37:40"
"2478","404","168","9",
"2479","2049","235","5","2024-07-02 00:00:53"
"2480","288","36","5",
"2481","397","57","8","2024-01-21 01:16:30"
"2482","943","104","2",
"2483","2874","368","3",
"2484","2158","297","3",
"2485","649","24","10",
"2486","1250","498","9","2024-04-13 10:22:14"
"2487","2109","294","1","2024-02-20 23:36:05"
"2488","486","474","10",
"2489","699","38","11","2024-06-26 15:36:38"
"2490","735","119","6",
"2491","2892","318","7","2024-06-05 17:17:53"
"2492","823","344","11",
"2493","337","406","3","2024-07-07 05:47:53"
"2494","317","313","4",
"2495","1759","44","9","2024-06-15 16:43:39"
"2496","1097","241","7",
"2497","1212","119","6","2024-04-22 14:37:51"
"2498","2908","402","3",
"2499","2279","220","4",
